timestamp,temperature_c,vibration_hz,cpu_load_percent,power_consumption_w,network_latency_ms,degradation_index,failure
2026-04-26 14:35:46.791568,40.993428306022466,1.0217301496986333,36.12004567913419,98.33738433099873,6.804760541663088,0.0,0
2026-04-26 15:35:46.791568,39.80402921039842,0.9127100108024442,36.01769368810747,104.59323647921318,13.047400993678574,0.00035329447094152973,0
2026-04-26 16:35:46.791568,41.45648275024242,0.9036085164492702,38.739321121730804,100.58233729251052,14.243281677767301,0.0007065889418830595,0
2026-04-26 17:35:46.791568,43.287693346850865,1.0661997148435516,31.468062750759234,103.54502033494268,13.286991395976036,0.0010598834128245894,0
2026-04-26 18:35:46.791568,39.85382499655846,0.8948587267416972,37.51635210580704,103.53253411983088,9.596931919956063,0.001413177883766119,0
2026-04-26 19:35:46.791568,39.93431615405944,0.6932550538725043,37.17401171068098,105.4020501792982,8.026361069936765,0.0017664723547076487,0
2026-04-26 20:35:46.791568,43.641424295209255,0.8963301234406618,35.05682765724799,109.9088087471556,8.271390301234211,0.0021197668256491787,0
2026-04-26 21:35:46.791568,42.09821706519066,0.9884440748605904,36.579836038818414,102.40631004438275,7.1024165111241375,0.0024730612965907085,0
2026-04-26 22:35:46.791568,39.70467820576755,1.2676092942947095,38.732635936805345,92.86856662608014,10.322250359011035,0.002826355767532238,0
2026-04-26 23:35:46.791568,41.80894695624098,0.9706814125149792,38.34167914384697,106.77801958776985,13.815489461474925,0.0031796502384737677,0
2026-04-27 00:35:46.791568,39.87710200074732,1.1260322968125147,32.3761221996944,105.20532488285114,10.387934231044419,0.0035329447094152974,0
2026-04-27 01:35:46.791568,39.95248914174059,1.028918148924945,38.346076965232136,105.87504387063856,11.343031244964347,0.0038862391803568272,0
2026-04-27 02:35:46.791568,41.44777533476667,1.2430448091215074,35.77193151329138,105.17421397276482,25.702800129764796,0.0042395336512983575,0
2026-04-27 03:35:46.791568,37.21707347762187,1.237567006559499,36.26498471879061,105.21085089984975,10.06444671956078,0.004592828122239887,0
2026-04-27 04:35:46.791568,37.67345268089235,1.2453460884786092,36.34628618677477,113.72077778213854,15.010826206143658,0.004946122593181417,0
2026-04-27 05:35:46.791568,40.07822906160339,0.8137382351277641,35.75626425008763,107.50949549717937,14.991078057178266,0.005299417064122946,0
2026-04-27 06:35:46.791568,39.2565092622084,1.1097588865808927,39.862376446596095,104.77829502557792,10.811792514301285,0.005652711535064476,0
2026-04-27 07:35:46.791568,41.989875396403384,1.1975040628579385,36.11632107446625,99.30081271632183,9.986072613102715,0.006006006006006006,0
2026-04-27 08:35:46.791568,39.62437391599282,1.1458054343306234,33.0890153529886,102.21004485396388,12.602743183400658,0.006359300476947535,0
2026-04-27 09:35:46.791568,38.694678396182276,1.1889737651250982,35.347198266847,116.27638246053954,10.580343155061207,0.006712594947889066,0
2026-04-27 10:35:46.791568,44.529259781119094,1.1071448279507679,37.143958923175916,108.1748474221429,9.02940855544314,0.007065889418830595,0
2026-04-27 11:35:46.791568,41.22488914557597,1.7231931151123137,40.375556435735994,105.26985684487629,13.972122246102664,0.007419183889772124,0
2026-04-27 12:35:46.791568,41.88977109545386,0.8536374985472153,38.57718135260872,104.44463005201708,13.909665663089754,0.0077724783607136545,0
2026-04-27 13:35:46.791568,38.9832750995261,1.0162685715001682,34.29622211602121,113.58392162223826,11.854920045541606,0.008125772831655186,0
2026-04-27 14:35:46.791568,40.82183709941533,1.5197201642442686,44.38327133330587,118.84144487220222,9.08529328003702,0.008479067302596715,0
2026-04-27 15:35:46.791568,42.210043575040984,1.0500534281460352,37.80184166289642,106.03162043746106,9.219096234537494,0.008832361773538243,0
2026-04-27 16:35:46.791568,39.763562375800106,0.8338876221475988,40.91344014787198,142.53306909796032,11.959733263289463,0.009185656244479774,0
2026-04-27 17:35:46.791568,42.8940425461727,1.2425861481170113,36.71181243825787,107.65867893431255,10.812658566919984,0.009538950715421305,0
2026-04-27 18:35:46.791568,41.01820254845348,1.2658977761346895,38.846654425953176,97.77629188564288,11.197340721125723,0.009892245186362834,0
2026-04-27 19:35:46.791568,41.71265292534982,1.3355648136251193,39.84453385514694,117.16041155130891,13.990578845007835,0.010245539657304362,0
2026-04-27 20:35:46.791568,41.16890545600475,1.2179975670795407,41.06019237543343,127.22333593761611,13.480137119211834,0.010598834128245893,0
2026-04-27 21:35:46.791568,46.15286178959523,1.2790728181154474,40.65711885846302,108.11045993136622,14.837189794840835,0.010952128599187424,0
2026-04-27 22:35:46.791568,42.49699696763257,1.4331440305921226,40.18093400597342,106.17593490829653,10.166783936569987,0.011305423070128951,0
2026-04-27 23:35:46.791568,40.48394563156163,1.0501662831266532,36.69833279758812,109.80061255284909,11.528773195429968,0.01165871754107048,0
2026-04-28 00:35:46.791568,44.319514330334016,1.0252824321516356,36.0075233365575,107.4088949625465,13.800245673202507,0.012012012012012012,0
2026-04-28 01:35:46.791568,40.30746608606781,1.0075415799929033,38.79966851756672,112.70844916566408,13.245564913786957,0.012365306482953543,0
2026-04-28 02:35:46.791568,43.241272289988785,1.1367303454840065,40.68022835109369,109.58121695493115,15.481294946415307,0.01271860095389507,0
2026-04-28 03:35:46.791568,38.978250424484585,1.3964719763486002,37.291591376336406,121.45989552990238,51.284137869506516,0.0130718954248366,0
2026-04-28 04:35:46.791568,40.3149090839851,1.265528213828262,41.234087494848865,109.99184793573048,16.24700428840895,0.013425189895778133,0
2026-04-28 05:35:46.791568,43.43833023548932,1.264477520411593,46.90347788458101,104.42255536800363,13.697947633123016,0.01377848436671966,0
2026-04-28 06:35:46.791568,44.594494770884126,0.923129638951443,35.44696172933172,111.54382324037236,14.809372874332947,0.01413177883766119,0
2026-04-28 07:35:46.791568,43.532870537307446,1.0968961453702222,35.76369231804439,109.45429184175457,12.105134035065602,0.01448507330860272,0
2026-04-28 08:35:46.791568,43.031019603157354,0.9303700149376712,37.93175831638208,99.41091976756266,46.18448171228635,0.014838367779544248,0
2026-04-28 09:35:46.791568,42.73189217254977,1.3862460768328182,39.35404727843709,117.95699286921311,64.10869454844911,0.01519166225048578,0
2026-04-28 10:35:46.791568,40.44843161849312,1.453242698247081,36.93572833085487,116.79289543683336,16.1794981182573,0.015544956721427309,0
2026-04-28 11:35:46.791568,42.03674735901593,1.3371631259585264,42.64414942914817,111.24331900441729,14.479141625171586,0.01589825119236884,0
2026-04-28 12:35:46.791568,42.62569411871408,1.0770383888306019,39.93774352846137,112.84802876055383,12.921450132159732,0.01625154566331037,0
2026-04-28 13:35:46.791568,45.73131934045864,1.4521835446163132,38.86177278419028,101.6641222982857,15.909589684564544,0.016604840134251897,0
2026-04-28 14:35:46.791568,44.37397373987014,1.1967114150434819,34.513476525325814,111.167512196763,8.83808826242699,0.01695813460519343,0
2026-04-28 15:35:46.791568,40.229869940583136,1.0573457567558728,34.9514134892705,117.03606520301855,10.444702521451894,0.01731142907613496,0
2026-04-28 16:35:46.791568,44.47287394214744,1.0996644348383988,39.81942454208793,109.04956222179305,14.719565921281312,0.017664723547076485,0
2026-04-28 17:35:46.791568,43.1228317720229,1.1846073394233754,32.656023408191416,100.25533968860314,13.451640135929674,0.018018018018018018,0
2026-04-28 18:35:46.791568,42.60696922880715,1.2613686231119325,42.16901129022163,108.51874442624744,14.701576675150646,0.018371312488959547,0
2026-04-28 19:35:46.791568,45.25150133525787,1.2345263833364235,38.73379922345581,114.37986879556556,13.686490367245089,0.018724606959901077,0
2026-04-28 20:35:46.791568,46.15699410301224,1.051618993647184,49.01457192774691,116.17598422172621,14.766692661067843,0.01907790143084261,0
2026-04-28 21:35:46.791568,46.023904587087166,1.4503029420163822,46.285942251884286,117.96460822859027,12.063121579352604,0.01943119590178414,0
2026-04-28 22:35:46.791568,42.54875388037797,1.2504957119613138,38.89461264883964,114.3908064073282,14.900025342977258,0.019784490372725668,0
2026-04-28 23:35:46.791568,43.67409641682688,1.1707994479094679,39.19657874310273,113.56147621518092,15.815008176711936,0.020137784843667194,0
2026-04-29 00:35:46.791568,45.019860394449424,1.4491785268892656,42.57882539187884,119.30180526168049,16.334406277638124,0.020491079314608723,0
2026-04-29 01:35:46.791568,46.372708810335624,1.1098875231717324,44.777948656848295,104.19368704676971,17.98753960855195,0.020844373785550256,0
2026-04-29 02:35:46.791568,43.527020389552916,1.0478247483633973,34.830550188619036,119.24337580449372,14.515753855738213,0.021197668256491786,0
2026-04-29 03:35:46.791568,44.17725921374765,1.4877856764201032,34.46157173954779,116.924488663702,14.642505091906688,0.021550962727433315,0
2026-04-29 04:35:46.791568,42.398566307310105,1.5853693931007031,38.03050642449156,102.07501967403226,11.115463939343526,0.021904257198374848,0
2026-04-29 05:35:46.791568,42.2809257624596,1.2370897557736487,41.7205859229407,106.97887414529772,13.16611201489326,0.02225755166931637,0
2026-04-29 06:35:46.791568,46.35993004642421,1.3042458012089337,41.53860360573966,109.54952810338564,59.19839309132831,0.022610846140257903,0
2026-04-29 07:35:46.791568,47.50832754331256,1.1438728545248924,43.33275189635066,110.67219284033776,16.4638258206806,0.022964140611199436,0
2026-04-29 08:35:46.791568,44.712219169108074,1.3214217338941494,36.599642393850935,117.3176813910126,13.208310417427525,0.02331743508214096,0
2026-04-29 09:35:46.791568,46.92311321507843,1.2539612969790754,33.32544130815495,112.97688430761328,16.09011865458334,0.023670729553082494,0
2026-04-29 10:35:46.791568,45.69853688910046,1.3147109167356328,42.922891598161705,112.54672376698899,14.561321130637804,0.024024024024024024,0
2026-04-29 11:35:46.791568,43.74364558739567,1.3961258139186055,37.93907223854472,112.25858195788852,14.277354283813931,0.024377318494965553,0
2026-04-29 12:35:46.791568,45.814692922805804,1.1747158000883813,34.4428431788538,119.82512446933178,15.196604401788859,0.024730612965907086,0
2026-04-29 13:35:46.791568,48.22538143269182,1.2898600963670073,41.00797513985354,115.0465043797696,13.983629668495553,0.025083907436848612,0
2026-04-29 14:35:46.791568,45.13444649402755,1.078252285691514,43.02661726461458,114.36183105033378,13.974993866294795,0.02543720190779014,0
2026-04-29 15:35:46.791568,48.391553650126816,1.300252551435467,40.35505202901401,113.22499953668391,11.49062250037879,0.025790496378731674,0
2026-04-29 16:35:46.791568,40.07831529807939,1.3441600393795357,39.42163618594082,123.1434827291552,14.471411846782129,0.0261437908496732,0
2026-04-29 17:35:46.791568,47.016515091484905,1.3971902984402171,40.390875034041784,112.8553860890471,14.074509918619347,0.026497085320614733,0
2026-04-29 18:35:46.791568,45.60106831201868,1.403440397278444,39.83081407636158,125.48689320914599,14.06961018169753,0.026850379791556266,0
2026-04-29 19:35:46.791568,44.882577292709975,1.5077464257908169,36.97183969524396,119.54841153987127,16.00244423505466,0.027203674262497788,0
2026-04-29 20:35:46.791568,45.71707940132144,1.1458551665526182,38.945173496530856,113.98003166959745,16.55308796493449,0.02755696873343932,0
2026-04-29 21:35:46.791568,41.61072832454339,1.158503674778282,42.72610336972476,130.44253627990494,15.767339018117017,0.02791026320438085,0
2026-04-29 22:35:46.791568,45.19816765287018,1.4654218777451438,42.20015884591609,109.28414147063961,17.360906339210203,0.02826355767532238,0
2026-04-29 23:35:46.791568,46.40271343900324,1.0848597469350925,45.7786867993855,116.23039985606673,16.588325759450875,0.028616852146263912,0
2026-04-30 00:35:46.791568,48.69457957462174,1.4228174350572151,38.39482250429488,109.57421676932006,14.914215477657748,0.02897014661720544,0
2026-04-30 01:35:46.791568,44.75187539515938,1.2228895613660513,40.908039280410264,119.64296324970557,14.645741235319164,0.029323441088146968,0
2026-04-30 02:35:46.791568,44.22036907299369,1.6404593529482296,34.993437196539105,126.07793390886799,16.264224229760508,0.029676735559088497,0
2026-04-30 03:35:46.791568,44.882093790498196,1.446701149442544,42.1319464959964,120.24683492200799,16.853239925509506,0.03003003003003003,0
2026-04-30 04:35:46.791568,47.763970024075824,1.380848415681378,45.954772250897406,120.01128220984506,18.568520269247593,0.03038332450097156,0
2026-04-30 05:35:46.791568,46.637527501176805,1.6024608017581272,37.31728167228513,116.19284636799564,18.222303694543676,0.03073661897191309,0
2026-04-30 06:35:46.791568,44.96666133026378,1.2633654646562857,40.05316817850267,116.02612603758563,29.06857362971887,0.031089913442854618,0
2026-04-30 07:35:46.791568,47.09816551453311,1.2964295830050832,42.8693367331134,108.74932716791093,15.770196943366743,0.03144320791379615,0
2026-04-30 08:35:46.791568,46.31052271584595,1.242780156091875,45.711399454893154,125.02585182031012,17.3833710629357,0.03179650238473768,0
2026-04-30 09:35:46.791568,48.097678341809925,1.306791864691117,40.67884070936542,118.86204316764056,18.244456958696993,0.03214979685567921,0
2026-04-30 10:35:46.791568,44.79958252107717,1.450256396385087,40.01719233346962,116.61987034517743,18.053526289467527,0.03250309132662074,0
2026-04-30 11:35:46.791568,45.590940311946895,1.51971500572025,36.257386326160564,126.25238072830084,16.114957635874138,0.03285638579756227,0
2026-04-30 12:35:46.791568,45.50389580176927,1.5943604364673756,42.544464163965934,113.7089437472989,13.801793946158687,0.033209680268503794,0
2026-04-30 13:35:46.791568,43.40219749485105,1.1809552497906286,48.43015143958787,123.09610746289147,14.37909244800343,0.03356297473944533,0
2026-04-30 14:35:46.791568,46.96184729798426,1.4333927224960716,43.205549707360454,118.83849535054094,16.98935817861233,0.03391626921038686,0
2026-04-30 15:35:46.791568,46.931357116525035,1.2974473713920636,42.37596379293548,120.76539140126035,17.195668258301087,0.034269563681328385,0
2026-04-30 16:35:46.791568,46.45837031225633,1.4373703618456837,43.47814743491816,118.33666496564831,14.380984302062515,0.03462285815226992,0
2026-04-30 17:35:46.791568,46.01711959801243,1.8227707583496582,42.5474955913775,109.31477489999021,16.73460822018872,0.03497615262321145,0
2026-04-30 18:35:46.791568,43.6929532440227,1.52089963047249,40.2103688899353,119.67926195704499,17.975043661832633,0.03532944709415297,0
2026-04-30 19:35:46.791568,45.71905222071544,1.6165055340334857,45.18765944366404,127.12905903003885,14.477267582353667,0.0356827415650945,0
2026-04-30 20:35:46.791568,45.910806242371514,1.7801461074414016,43.463277235046334,121.03930509282597,19.056841250455676,0.036036036036036036,0
2026-04-30 21:35:46.791568,45.02681453308881,1.6595939165943565,42.906768671784114,126.64049700410884,16.158910499206087,0.03638933050697756,0
2026-04-30 22:35:46.791568,46.34317006714071,2.095340771067391,39.995528377003374,114.29039898331293,19.496324970957932,0.036742624977919094,0
2026-04-30 23:35:46.791568,47.50745160225286,1.30798401888805,46.89960711091393,122.82395410377227,15.981319803731719,0.03709591944886063,0
2026-05-01 00:35:46.791568,50.50456354567234,1.4992579403742192,45.05040575115159,116.91533062213902,15.06209967899405,0.03744921391980215,0
2026-05-01 01:35:46.791568,47.113420278573535,1.42303531869897,41.46450458681744,127.24137208997061,58.4530673287802,0.03780250839074368,0
2026-05-01 02:35:46.791568,47.31066711926822,1.2839153869868938,46.19546467708649,120.83782638054669,17.059306297565552,0.03815580286168522,0
2026-05-01 03:35:46.791568,46.677202808709886,1.553125443336331,41.76375211074392,125.7339511941851,16.539768679656117,0.03850909733262674,0
2026-05-01 04:35:46.791568,43.018305094193465,1.5612534048087483,40.97667822017642,129.40249659067902,16.951851599531746,0.03886239180356828,0
2026-05-01 05:35:46.791568,46.831795327888095,1.7911123170542411,41.10955105815002,124.24647011731842,18.118910691509246,0.0392156862745098,0
2026-05-01 06:35:46.791568,47.03347993242042,1.4758452226151713,38.141172194382236,123.12436196489065,17.175747602042954,0.039568980745451336,0
2026-05-01 07:35:46.791568,51.86691938460739,1.5764832151684796,44.934466267292166,119.05062893331014,17.453007503210628,0.03992227521639286,0
2026-05-01 08:35:46.791568,46.58234654765163,1.4389879058993478,38.091607702043554,121.34329939685371,14.233905442188345,0.04027556968733439,0
2026-05-01 09:35:46.791568,47.596012730855094,1.6741221663241586,39.96465411241519,116.47345959809434,18.50288022209337,0.04062886415827592,0
2026-05-01 10:35:46.791568,46.94855903207751,1.5287803736885732,37.48790303604899,124.47106467856813,17.608203544167978,0.04098215862921745,0
2026-05-01 11:35:46.791568,44.70490480702022,1.375900786913615,43.5208757700443,119.26027073853022,21.07432204999595,0.041335453100158986,0
2026-05-01 12:35:46.791568,49.35139756107784,1.5540753703002173,43.3922757313662,117.63455495074557,16.041731704001183,0.04168874757110051,0
2026-05-01 13:35:46.791568,48.59232086433982,1.6189712606457634,42.92703337609554,114.88342878652202,57.63417726558342,0.042042042042042045,0
2026-05-01 14:35:46.791568,48.692432579926,1.6029705212203122,40.84300464647526,117.96102569244391,19.291250925326963,0.04239533651298357,0
2026-05-01 15:35:46.791568,45.312718010743126,1.7258406501681596,40.517381178668955,121.62076014151795,18.815293923571772,0.0427486309839251,0
2026-05-01 16:35:46.791568,49.95741557692543,1.3560141979348412,45.49026392479028,116.57523235772254,16.17249979536237,0.04310192545486663,0
2026-05-01 17:35:46.791568,44.36766824205779,1.4510675963454844,42.50829582468862,119.46295720101232,15.196993875895366,0.043455219925808156,0
2026-05-01 18:35:46.791568,48.36383704843949,1.6776931755089977,45.17154747525276,132.03319948130923,21.39841119675102,0.043808514396749695,0
2026-05-01 19:35:46.791568,51.588995514147506,1.4771705198287772,41.62896917387694,128.85663139709396,21.218964466074898,0.04416180886769122,0
2026-05-01 20:35:46.791568,45.244181875504005,1.6262569852368693,44.88986624955514,131.0798375009869,13.482956116927962,0.04451510333863274,0
2026-05-01 21:35:46.791568,46.10903826958432,1.2314395237475106,48.31819323725474,122.42666416515408,17.60854952530611,0.04486839780957428,0
2026-05-01 22:35:46.791568,47.45652480518147,2.005997833151639,46.228254204449996,132.70861171017128,21.920505642865805,0.045221692280515806,0
2026-05-01 23:35:46.791568,46.265068584722755,1.5623420696984573,43.2936278705274,120.42699681515197,17.70712236722116,0.04557498675145734,0
2026-05-02 00:35:46.791568,49.80502156232237,1.7860766990433463,45.363291883409616,123.6174363331101,17.74514896420248,0.04592828122239887,0
2026-05-02 01:35:46.791568,47.43637183317252,1.560621348658306,43.93023651384366,109.91912104924921,18.22798072647594,0.0462815756933404,0
2026-05-02 02:35:46.791568,45.18706791095741,1.6775228599968772,44.736119378621666,128.45595646084354,37.77233472678158,0.04663487016428192,0
2026-05-02 03:35:46.791568,48.27050169044447,1.843257326027972,43.79560049277176,132.66299639047068,15.51819979223637,0.04698816463522346,0
2026-05-02 04:35:46.791568,45.4953228404297,1.798480765557316,44.3390892209326,121.37457713151058,21.099971851640845,0.04734145910616499,0
2026-05-02 05:35:46.791568,50.444108665184785,1.597071230106822,45.527740790605094,121.09892704458301,15.376129367154888,0.047694753577106515,0
2026-05-02 06:35:46.791568,45.78701708518592,1.611570019552515,41.970453579264536,124.02113518471282,66.32899967021504,0.04804804804804805,0
2026-05-02 07:35:46.791568,46.71790104670549,2.181882473639568,41.96166355966044,125.6793023300182,20.969414064123317,0.048401342518989574,0
2026-05-02 08:35:46.791568,48.99677696771447,1.9900492297285584,40.9021425317182,127.10807565438783,16.360928430284595,0.048754636989931106,0
2026-05-02 09:35:46.791568,44.914951972342564,1.6729905747712601,40.32512520808849,119.22883664775982,17.48197017237566,0.04910793146087264,0
2026-05-02 10:35:46.791568,47.837759862286504,1.9417821913487014,41.53195534691652,126.4822374069922,21.823991303827874,0.04946122593181417,0
2026-05-02 11:35:46.791568,50.00250802560822,1.6160737714750821,45.71975082934619,122.98958700773292,20.530542316977662,0.0498145204027557,0
2026-05-02 12:35:46.791568,44.177863651369876,1.7991320410115863,42.62025405304412,122.77692905138076,18.2973134122447,0.050167814873697224,0
2026-05-02 13:35:46.791568,47.76593258649023,1.8255521200873157,46.89640512200987,131.63682249660627,22.003508782203706,0.05052110934463876,0
2026-05-02 14:35:46.791568,47.91949454062774,1.602914115979739,45.516338390752594,122.50485413167614,22.079208171868856,0.05087440381558028,0
2026-05-02 15:35:46.791568,48.965670422391305,1.5563645333212635,39.56300866316287,125.7577485667935,20.27136806047056,0.05122769828652182,0
2026-05-02 16:35:46.791568,44.9296530595907,1.8442412469052378,47.48945942966267,127.0518588034054,18.00006816817071,0.05158099275746335,0
2026-05-02 17:35:46.791568,44.76340768648732,1.5966944736770194,48.01262568493943,132.1374399594829,19.040617166453334,0.05193428722840487,0
2026-05-02 18:35:46.791568,48.44820977777856,1.5462591483140864,42.654022988013196,128.56307072378212,20.507414010786597,0.0522875816993464,0
2026-05-02 19:35:46.791568,47.99754382362451,1.5817897598810746,46.95124960677607,124.44224596513783,19.62457681405973,0.05264087617028793,0
2026-05-02 20:35:46.791568,47.90305301925378,1.608002117574777,43.17592545324132,118.9045558832405,21.9468067783033,0.052994170641229466,0
2026-05-02 21:35:46.791568,48.09270462327677,1.820785455339331,46.09285623809089,125.49661733187742,17.076470211093817,0.053347465112171,0
2026-05-02 22:35:46.791568,46.036750843670234,1.7734863555309999,42.060453130219784,130.08167891850337,17.214617262658905,0.05370075958311253,0
2026-05-02 23:35:46.791568,47.85755423150554,1.807504005805486,40.52840909616985,127.89265488335192,115.31216262942993,0.05405405405405405,0
2026-05-03 00:35:46.791568,47.974696190901376,1.7672757616429058,44.81273241844451,132.09674395448053,19.35430739213535,0.054407348524995576,0
2026-05-03 01:35:46.791568,45.95461417851594,1.6188944501449347,45.643126696999666,138.33248015610704,19.150424939832572,0.054760642995937116,0
2026-05-03 02:35:46.791568,51.10889679351998,1.81642570888165,44.87407661565705,130.47199735940092,16.935534680358145,0.05511393746687864,0
2026-05-03 03:35:46.791568,48.318313095665616,1.8931062405130392,42.5674974047015,132.7072614721213,20.5778657577822,0.055467231937820174,0
2026-05-03 04:35:46.791568,44.98061232325861,1.8072795740971386,44.97203512109694,126.97883845668454,20.500389801663193,0.0558205264087617,0
2026-05-03 05:35:46.791568,48.66817515032226,1.7909064016922276,47.031428274727865,115.37345023592567,21.979983931047098,0.05617382087970323,0
2026-05-03 06:35:46.791568,45.39683384438767,1.6122417229429564,46.1403437667228,129.61431203383273,20.87796418286445,0.05652711535064476,0
2026-05-03 07:35:46.791568,48.910780479163556,1.762902264183943,46.873670582004976,131.5089371793347,20.5420697096204,0.05688040982158629,0
2026-05-03 08:35:46.791568,49.64350566338904,1.6119111880973462,44.3666309905968,127.64898641038877,23.22840508916096,0.057233704292527825,0
2026-05-03 09:35:46.791568,45.67394667351307,1.7351487379583286,49.94260259539121,127.4855557341986,18.316595158162077,0.057586998763469344,0
2026-05-03 10:35:46.791568,49.23035848075823,1.4965062567568248,42.949062960613084,122.50120745495836,22.081434152233218,0.05794029323441088,0
2026-05-03 11:35:46.791568,48.11676574252968,1.5014435984380559,47.990058555920086,120.46934811299934,17.73348733442626,0.05829358770535241,0
2026-05-03 12:35:46.791568,48.92222938681367,1.7214390460064766,50.122504942293226,125.1496201164064,19.466183853494233,0.058646882176293935,0
2026-05-03 13:35:46.791568,51.05791258909933,1.6715867884203521,48.06866798728447,131.56505286742154,18.784719297728113,0.059000176647235475,0
2026-05-03 14:35:46.791568,46.759085303369844,1.7736150223454503,46.06713987636564,136.67329396631547,22.841044583357466,0.059353471118176994,0
2026-05-03 15:35:46.791568,45.727246556694375,1.7411134910035282,45.138245838594266,124.96410476963229,21.213464994741734,0.05970676558911853,0
2026-05-03 16:35:46.791568,45.439875005683064,1.7695768275320356,49.87947870847331,132.05782496133455,21.384404922225457,0.06006006006006006,0
2026-05-03 17:35:46.791568,45.570801201448084,1.8600463216694088,42.55002290892936,137.4750752998496,19.265071385431398,0.06041335453100159,0
2026-05-03 18:35:46.791568,47.03107458889436,1.7029593900074658,43.95595879620442,124.71712267249076,20.946276318503415,0.06076664900194312,0
2026-05-03 19:35:46.791568,47.84978203127156,1.7432151903541664,45.72069296113436,132.79782575184615,20.085858653229863,0.06111994347288466,0
2026-05-03 20:35:46.791568,47.702409203282656,2.743297402601768,50.67301183625086,123.39597733442953,22.4468252390354,0.06147323794382618,0
2026-05-03 21:35:46.791568,48.78429878917947,1.7839208180390986,48.14568625584391,135.59583445132026,19.764858888142637,0.0618265324147677,0
2026-05-03 22:35:46.791568,47.13620174131144,1.7602209762541807,44.148226200065,130.4700342624302,24.47375583869491,0.062179826885709236,0
2026-05-03 23:35:46.791568,49.996898675855604,1.8031111820103776,46.16706671110097,130.60609323134724,18.53013215851546,0.06253312135665078,0
2026-05-04 00:35:46.791568,46.53952233433572,1.7701487037977992,45.30029186432391,125.34099891880139,20.33537934232941,0.0628864158275923,0
2026-05-04 01:35:46.791568,52.48755884551737,1.6915239238057713,45.05880981491643,133.65591371689604,25.369945976653618,0.06323971029853381,0
2026-05-04 02:35:46.791568,48.276324966875364,1.6518489985701215,50.16940390997007,142.22655562988035,21.21239341027625,0.06359300476947535,0
2026-05-04 03:35:46.791568,45.28783647749661,1.690619751607289,43.161706173025784,123.52147157122677,19.52003952687038,0.06394629924041688,0
2026-05-04 04:35:46.791568,44.836925881935464,1.9396405555482077,52.14711928869139,128.82102905403022,22.655065930233437,0.06429959371135842,0
2026-05-04 05:35:46.791568,47.91961946904347,1.717772335634628,49.8489467513987,132.52152933723139,21.333264270207906,0.06465288818229994,0
2026-05-04 06:35:46.791568,46.48312389943089,1.792562076922922,50.67996242947486,133.32243637357593,20.679434192879274,0.06500618265324148,0
2026-05-04 07:35:46.791568,48.332843052258575,1.9244410266628988,46.06131638893612,132.49817556816905,20.226559031997336,0.065359477124183,0
2026-05-04 08:35:46.791568,51.077283056611385,1.7810888752512632,47.04270705304752,115.98316550126732,28.022173814325548,0.06571277159512454,0
2026-05-04 09:35:46.791568,46.7070499394617,1.9213558429666748,43.235103851672285,137.44500137569162,22.04944875218428,0.06606606606606606,0
2026-05-04 10:35:46.791568,45.13220727455156,1.5987238903880305,46.00223699486675,133.9696753888157,18.768543781365686,0.06641936053700759,0
2026-05-04 11:35:46.791568,43.768632645913456,1.8134436308942632,49.098487566292,127.11994065722678,25.674223969521403,0.06677265500794913,0
2026-05-04 12:35:46.791568,45.87728215562644,1.8486208980214285,51.54664396757476,130.4475973780477,23.97607221121037,0.06712594947889065,0
2026-05-04 13:35:46.791568,48.45455442057288,1.8437096875671892,44.377548121881325,138.49073734660413,21.288123488428536,0.06747924394983218,0
2026-05-04 14:35:46.791568,47.14085621332716,1.5957404957530315,46.6426956767544,142.0928240426872,21.02194412257472,0.06783253842077372,0
2026-05-04 15:35:46.791568,44.19157757936046,2.0275716260264662,47.32514097656258,137.87477003015283,24.30225384174236,0.06818583289171525,0
2026-05-04 16:35:46.791568,46.99928539952867,1.7223172054674964,43.63112553775306,132.54591986474384,22.528597543925876,0.06853912736265677,0
2026-05-04 17:35:46.791568,47.39291628035951,1.9041741065455784,49.631623872250145,132.77412870088938,19.237604511493473,0.0688924218335983,0
2026-05-04 18:35:46.791568,44.823421827083756,1.8585005266232697,45.72431580271498,131.02922886531752,73.38199952081317,0.06924571630453984,0
2026-05-04 19:35:46.791568,46.86694701850103,2.0112365993926713,47.34845321118163,139.62325625350263,22.355831122909546,0.06959901077548136,0
2026-05-04 20:35:46.791568,46.64378708053089,2.1921647068082057,46.61673961378981,127.97453657248474,60.13848253317106,0.0699523052464229,0
2026-05-04 21:35:46.791568,44.20882249337646,1.6738348318126222,45.64216087225733,133.1628377439164,25.91493386223067,0.07030559971736443,0
2026-05-04 22:35:46.791568,47.17725981782106,1.7733874410951376,48.0262544998054,136.2234605846902,21.4231708068125,0.07065889418830594,0
2026-05-04 23:35:46.791568,47.54971274954829,1.902410299707446,47.4373974210326,136.67196834103532,25.558695573983318,0.07101218865924748,0
2026-05-05 00:35:46.791568,48.56024947668697,1.7115522014164608,47.00511208565632,140.63292045422745,22.25655669500855,0.071365483130189,0
2026-05-05 01:35:46.791568,48.467307256046915,1.9979782229166978,45.9713825749982,131.3309131240083,19.89316657060692,0.07171877760113055,0
2026-05-05 02:35:46.791568,46.90656348166577,2.0104392058266183,49.151044563198965,155.37535261332522,22.84449736164941,0.07207207207207207,0
2026-05-05 03:35:46.791568,44.41385704933105,1.9711199923033655,53.18864615685075,128.48341634092338,24.556094646725146,0.07242536654301361,0
2026-05-05 04:35:46.791568,47.28384217619409,1.9259460397396562,48.68239984158147,136.2400152633608,22.9024722966588,0.07277866101395512,0
2026-05-05 05:35:46.791568,47.245194315834816,2.099158058659015,51.28565588713972,121.82087270353969,23.28097486028016,0.07313195548489665,0
2026-05-05 06:35:46.791568,47.211163333342036,1.7235876947344506,44.16081720548507,130.86531128673843,26.249329581466483,0.07348524995583819,0
2026-05-05 07:35:46.791568,53.84957984223053,1.909938323654711,48.83856702319319,125.84393569838706,24.242311401668328,0.07383854442677971,0
2026-05-05 08:35:46.791568,47.24855877771645,1.7925310366078637,45.10659482033436,135.96643266855855,22.409852767997133,0.07419183889772125,0
2026-05-05 09:35:46.791568,48.34019063045764,2.040029078076822,44.00095879103541,138.27751836929752,25.567635987380584,0.07454513336866278,0
2026-05-05 10:35:46.791568,47.93897393236202,1.6347173976832512,52.21071748929154,127.36813498641736,45.66295454615743,0.0748984278396043,0
2026-05-05 11:35:46.791568,47.29530224656427,1.9086697144287603,52.07234692632804,143.44789893281478,19.254617636079622,0.07525172231054583,0
2026-05-05 12:35:46.791568,48.09170235917521,1.9663185924936273,51.37857679182865,148.47238415786813,25.221659016025495,0.07560501678148736,0
2026-05-05 13:35:46.791568,51.9992446289045,1.7770462337917694,49.28903823852894,134.53546686155414,25.215736553393697,0.07595831125242891,0
2026-05-05 14:35:46.791568,44.32943609831334,1.8283655800975054,43.993030995975595,133.28868421792606,24.539447346602103,0.07631160572337044,0
2026-05-05 15:35:46.791568,45.3616411270746,1.9277117268330304,48.033012629690404,150.25456051574815,26.349732199058423,0.07666490019431195,0
2026-05-05 16:35:46.791568,44.82442628056141,2.0717668932250755,49.55728930718965,131.28205560901569,23.288669817745156,0.07701819466525348,0
2026-05-05 17:35:46.791568,45.918469057096246,1.7766563695351918,49.20874495308114,137.78619004151096,25.373582513518855,0.07737148913619503,0
2026-05-05 18:35:46.791568,50.343306872829935,1.8058903406275073,43.18031429914086,137.22170674327305,21.633790143021237,0.07772478360713655,0
2026-05-05 19:35:46.791568,41.9384391143521,2.1065538357250047,46.06991162164039,141.32574549242247,25.6490156016325,0.07807807807807808,0
2026-05-05 20:35:46.791568,47.00418972482836,1.8998139598347785,48.57741286512692,137.01070367105686,28.80808017539352,0.0784313725490196,0
2026-05-05 21:35:46.791568,42.36466686062294,1.8271607764768143,50.406910314023584,133.04928730371566,22.97937402885753,0.07878466701996113,0
2026-05-05 22:35:46.791568,44.60440291742782,2.05611247971661,42.2376555617769,131.37852736931043,23.516608419295956,0.07913796149090267,0
2026-05-05 23:35:46.791568,47.68408409006086,1.8765851061159418,48.36727814105441,135.71221542750214,23.68330774696729,0.0794912559618442,0
2026-05-06 00:35:46.791568,45.59241683642662,2.106919552954277,49.3100166289105,133.40187261168467,25.430461033832476,0.07984455043278572,0
2026-05-06 01:35:46.791568,43.26580829169761,1.856226708607705,51.45653536797284,137.27223371717287,23.11151798600074,0.08019784490372725,0
2026-05-06 02:35:46.791568,43.947908154632415,1.934810803755364,51.01270970714006,134.4696933592407,26.147211238569028,0.08055113937466878,0
2026-05-06 03:35:46.791568,46.69471503729412,2.1034477465714403,50.70789658468078,130.197247967352,27.06552232160429,0.08090443384561032,0
2026-05-06 04:35:46.791568,43.83158608116257,1.9307016668279033,46.586014572269924,142.75239480443383,26.50766280705242,0.08125772831655184,0
2026-05-06 05:35:46.791568,45.68184179835988,2.0809743953709274,43.287090619408424,133.29497003735733,21.9692634783476,0.08161102278749338,0
2026-05-06 06:35:46.791568,45.29648870433718,1.9606466618785237,47.85680687179179,127.91088543006238,27.56355560941984,0.0819643172584349,0
2026-05-06 07:35:46.791568,43.85838955594502,2.270631794099439,52.06533561964727,135.64566542568633,27.51508105708888,0.08231761172937642,0
2026-05-06 08:35:46.791568,49.40555819600508,2.21158085718967,53.26488534709185,139.27920459315783,27.36779492275302,0.08267090620031797,0
2026-05-06 09:35:46.791568,46.34143211221646,1.7799225032760375,51.23985705752471,127.98286918298555,26.520282624850957,0.0830242006712595,0
2026-05-06 10:35:46.791568,40.97908699761568,2.0603332136245105,50.4195263325008,139.42185260614835,26.28210270542846,0.08337749514220102,0
2026-05-06 11:35:46.791568,45.35792274913373,1.8623826358004238,50.29332282738537,134.05256745576773,41.088431395004534,0.08373078961314255,0
2026-05-06 12:35:46.791568,43.61695679776814,2.0164027117019976,47.508553357650186,148.072574940051,29.823002951182886,0.08408408408408409,0
2026-05-06 13:35:46.791568,46.60079549737665,2.0007525793970418,48.80883993905304,139.06868474643818,24.137020998725166,0.08443737855502562,0
2026-05-06 14:35:46.791568,43.26617979632525,1.8349961362171063,54.227945949158816,138.7084238082705,28.266478666523298,0.08479067302596714,0
2026-05-06 15:35:46.791568,44.57694404962413,2.1548709771186623,46.41438507617502,137.36190595458027,26.004919628397744,0.08514396749690867,0
2026-05-06 16:35:46.791568,45.77150024819494,2.029374760975218,54.107322212794756,136.18422128368618,51.36149090644173,0.0854972619678502,0
2026-05-06 17:35:46.791568,46.44806783265737,1.958944819646516,48.31743302051022,140.50252229655428,23.238544342606353,0.08585055643879173,0
2026-05-06 18:35:46.791568,42.270929290978046,1.9386857039374918,53.2799502373917,141.44619278779305,25.809152853818528,0.08620385090973326,0
2026-05-06 19:35:46.791568,43.95742712176789,2.0281105885938504,45.10294999275877,137.94046371546236,24.45132770639138,0.08655714538067479,0
2026-05-06 20:35:46.791568,43.63139921702043,2.0710616408940457,51.10045333877865,135.30563305364598,25.585274712795208,0.08691043985161631,0
2026-05-06 21:35:46.791568,43.22945431503956,1.99384236228351,47.151380577868025,133.74750802556375,24.383736753729693,0.08726373432255786,0
2026-05-06 22:35:46.791568,48.0218168398683,1.5904136513158922,45.13444414590535,137.46164724602673,25.74941869613887,0.08761702879349939,0
2026-05-06 23:35:46.791568,45.25564994627345,2.0205150843226436,50.054007035212024,127.04582605323304,52.14264215372573,0.0879703232644409,0
2026-05-07 00:35:46.791568,41.87868931706034,1.8044361100321842,52.444583890843,143.95519113153262,26.974997206600264,0.08832361773538244,0
2026-05-07 01:35:46.791568,46.190954309140544,1.9919045490606653,46.898712253213176,141.5865898364839,23.61911359461889,0.08867691220632397,0
2026-05-07 02:35:46.791568,48.554328437472954,1.815288902680085,44.95346117015556,139.19227801044798,24.024702973189793,0.08903020667726548,0
2026-05-07 03:35:46.791568,46.32975458130909,1.816137117096468,49.19155170704475,149.1771035215029,58.27975291601474,0.08938350114820703,0
2026-05-07 04:35:46.791568,41.18092447908411,2.2165053922756837,49.22096147124819,142.95168520869836,25.455114933498027,0.08973679561914856,0
2026-05-07 05:35:46.791568,43.2060788906389,1.9858358363287667,51.14401236545869,158.1781462549472,69.4843290705873,0.09009009009009009,0
2026-05-07 06:35:46.791568,46.66330416859648,1.9769500048324633,52.36322786410584,147.75397773561798,27.6347825106261,0.09044338456103161,0
2026-05-07 07:35:46.791568,42.669139906927896,2.111414835929814,49.35119400536945,143.2854308511008,28.464893316487714,0.09079667903197315,0
2026-05-07 08:35:46.791568,44.927186712277,1.9860217786532148,55.11054973029309,138.90345004219992,30.139879606395578,0.09114997350291468,0
2026-05-07 09:35:46.791568,45.543966934925336,2.3597426530213768,50.230949215011364,139.7484309223626,26.766199291419532,0.0915032679738562,0
2026-05-07 10:35:46.791568,42.09608070267438,2.005767436256799,48.53277575450162,145.4158812904824,26.30377345367902,0.09185656244479774,0
2026-05-07 11:35:46.791568,43.78623547403877,2.104025178520507,44.750768734423474,139.71849614882132,29.263277985188083,0.09220985691573926,0
2026-05-07 12:35:46.791568,37.378207629714815,2.19742086472076,48.81051320617244,147.5601364670657,28.60602589132872,0.0925631513866808,0
2026-05-07 13:35:46.791568,41.767544577368966,2.294628306439593,48.60195748615108,133.60678548228728,27.27946409330564,0.09291644585762233,0
2026-05-07 14:35:46.791568,43.266892357851994,1.9454874471042785,52.504265065663645,140.49517873688603,30.504166596339015,0.09326974032856385,0
2026-05-07 15:35:46.791568,41.23231215088025,1.9965793025941017,51.02263991751596,152.42175689265935,27.363887992226164,0.09362303479950539,0
2026-05-07 16:35:46.791568,46.948701811251816,2.2529355152498174,46.108526293450346,138.58849279661672,27.92104983649648,0.09397632927044693,0
2026-05-07 17:35:46.791568,40.779757727422705,2.185716460236601,50.17444792120193,133.88542099787352,27.96507381253232,0.09432962374138844,0
2026-05-07 18:35:46.791568,42.71628311284212,2.2279313909667833,51.682936132981766,141.31740315471538,26.120566670545752,0.09468291821232998,0
2026-05-07 19:35:46.791568,43.81436487124708,1.8637847414209503,54.262701581162275,138.41054621227966,28.212051188794366,0.0950362126832715,0
2026-05-07 20:35:46.791568,46.392131628917255,2.303713376373825,52.350991612541605,129.56025556648893,30.91752671409746,0.09538950715421303,0
2026-05-07 21:35:46.791568,40.59476143231582,1.9597128723597381,51.98049951088237,140.7251561865045,29.081068939531722,0.09574280162515457,0
2026-05-07 22:35:46.791568,45.74992288721935,2.105166174224359,49.88730532356228,141.03244156004286,28.320385111056122,0.0960960960960961,0
2026-05-07 23:35:46.791568,43.40138969902995,2.0564746860440923,50.88067944115716,145.8400710535035,28.00184964540581,0.09644939056703762,0
2026-05-08 00:35:46.791568,41.37546256174431,1.9493092829525172,53.47256286035216,145.2855668298331,47.64462021252762,0.09680268503797915,0
2026-05-08 01:35:46.791568,48.854587830040714,1.8715626698833576,45.73362971757498,141.22367167011487,29.959169363673304,0.0971559795089207,0
2026-05-08 02:35:46.791568,43.6524341127182,1.82421491330373,48.69116708429939,148.28876557340178,29.745239717953325,0.09750927397986221,0
2026-05-08 03:35:46.791568,42.01217844551152,2.1059817943701145,47.42891178094763,140.68327348113428,27.930158282008755,0.09786256845080375,0
2026-05-08 04:35:46.791568,43.310779752595884,1.8616559152603966,50.89082056659933,141.45735514711293,29.310577143351832,0.09821586292174528,0
2026-05-08 05:35:46.791568,42.35938702768814,1.9226940645303392,53.45038157454375,142.8225648149568,40.483215734798264,0.09856915739268679,0
2026-05-08 06:35:46.791568,43.31617211464607,2.062361564303952,47.974757125993264,147.83680469851564,26.78087587903543,0.09892245186362834,0
2026-05-08 07:35:46.791568,44.37281580275475,1.7015341686360252,42.60034338652058,151.15368761415485,29.198852885935665,0.09927574633456987,0
2026-05-08 08:35:46.791568,46.180308158819074,2.216478892261008,48.539782799013324,146.2509933018191,50.257984196720265,0.0996290408055114,0
2026-05-08 09:35:46.791568,40.49267581339659,1.7404132356188349,52.521667311206954,142.0966841175812,29.961711122168424,0.09998233527645292,0
2026-05-08 10:35:46.791568,47.19472717564992,2.0925432005528206,51.39854994983428,142.04214997721067,30.38445576113031,0.10033562974739445,0
2026-05-08 11:35:46.791568,38.98516884156016,2.1086426556044255,51.07424667916692,138.12192655456798,30.625987853056756,0.10068892421833599,0
2026-05-08 12:35:46.791568,42.54679767971961,2.1893278968252705,48.953349833227804,140.95375072387506,28.407927846623593,0.10104221868927751,0
2026-05-08 13:35:46.791568,43.98837408909563,2.104583582033569,45.9594939963832,133.78196981917705,29.88324117048969,0.10139551316021905,0
2026-05-08 14:35:46.791568,43.3354525021916,2.4157271991266134,51.345340869135185,133.35183568045773,32.18018114100284,0.10174880763116056,0
2026-05-08 15:35:46.791568,41.490164952511705,2.147682120226525,47.2990999915781,144.29615689113436,32.226938695981914,0.10210210210210209,0
2026-05-08 16:35:46.791568,42.2817896443502,2.275458355869635,56.35633955781474,140.58580614847764,29.408179950425172,0.10245539657304364,0
2026-05-08 17:35:46.791568,41.67488608945965,2.011067351023663,51.51729195284322,146.55906217300003,29.812290559816297,0.10280869104398516,0
2026-05-08 18:35:46.791568,41.44540459201655,2.1398589824122376,48.06516405503187,143.52342856862967,71.22723253092077,0.1031619855149267,0
2026-05-08 19:35:46.791568,44.286985391026064,2.356028122554808,47.97391016606665,139.48858607032028,26.666299166790616,0.10351527998586822,0
2026-05-08 20:35:46.791568,43.26586875104032,2.090373989575778,49.52980920547098,146.3906528393258,29.0888776614398,0.10386857445680973,0
2026-05-08 21:35:46.791568,41.13049314406517,2.1569876720680905,49.090331623854205,137.24806696006522,32.473296007346256,0.10422186892775129,0
2026-05-08 22:35:46.791568,44.28041303044711,2.2773932697093286,53.15915461967939,151.47433681692092,31.819682129121162,0.1045751633986928,0
2026-05-08 23:35:46.791568,43.06114800454695,2.0210322620475343,50.36733875010636,139.10143054442176,30.674934550530335,0.10492845786963434,0
2026-05-09 00:35:46.791568,44.038051901817205,1.8102227682859042,47.6122537375907,140.40923908821557,26.991868134048172,0.10528175234057587,0
2026-05-09 01:35:46.791568,43.63781527728007,2.1748717331822687,55.47715222488774,135.39835237863932,29.970838428105978,0.10563504681151738,0
2026-05-09 02:35:46.791568,40.68725686724902,2.286903714697999,49.95205963168473,149.0095777259569,28.95795405116733,0.10598834128245893,0
2026-05-09 03:35:46.791568,41.192041536460465,1.9379429652756692,52.10858215117466,146.3496249147858,30.866988598780516,0.10634163575340046,0
2026-05-09 04:35:46.791568,43.7746229787365,2.243238191604373,47.97493688623135,147.19727404592842,40.519590889395154,0.106694930224342,0
2026-05-09 05:35:46.791568,43.46889179141488,3.1123424834574247,50.88614217180603,150.36184210291688,28.287715902154652,0.10704822469528351,0
2026-05-09 06:35:46.791568,42.17495474517017,1.8057383825795705,50.726930547084024,147.66550449447283,26.27655808621548,0.10740151916622506,0
2026-05-09 07:35:46.791568,42.42051831511077,2.008331866086582,44.12108521266747,148.18188463749485,32.91702396101505,0.10775481363716657,0
2026-05-09 08:35:46.791568,44.71080558171403,2.0914022737602904,55.831919005748986,141.77734960914114,29.740999517654426,0.1081081081081081,0
2026-05-09 09:35:46.791568,40.94245948360134,2.1258235634880203,53.65371656725824,142.49347384961823,30.9219580574245,0.10846140257904964,0
2026-05-09 10:35:46.791568,43.19044524611794,2.0432767920051824,48.58551654017006,142.60055677559555,30.670316206549955,0.10881469704999115,0
2026-05-09 11:35:46.791568,41.66304259210552,2.0371655282375274,46.46524324927761,145.63034666405548,28.607050523056216,0.1091679915209327,0
2026-05-09 12:35:46.791568,41.60377944999372,2.4093967021749605,50.80931887054799,153.89100942738133,28.290914515559717,0.10952128599187423,0
2026-05-09 13:35:46.791568,44.20895333686906,2.144488075414846,50.020941175436825,168.75294934035972,28.86554003594052,0.10987458046281574,0
2026-05-09 14:35:46.791568,43.63504110893415,2.058302484636095,50.82170238815064,151.02163105076062,29.496959359755095,0.11022787493375728,0
2026-05-09 15:35:46.791568,43.58459456010112,2.158310167638285,50.32290955566946,137.4374122432518,31.743634680920387,0.11058116940469882,0
2026-05-09 16:35:46.791568,44.542464887783126,2.2469652924694943,51.26001747560185,156.2880682773105,29.486112809330447,0.11093446387564035,0
2026-05-09 17:35:46.791568,41.94801897008622,2.1760512814179966,54.07596503346465,146.25653257460968,71.58768119939415,0.11128775834658187,0
2026-05-09 18:35:46.791568,43.245000099956385,2.139343479478286,51.43074825071377,146.18016069633265,33.26610210711575,0.1116410528175234,0
2026-05-09 19:35:46.791568,41.236229109561386,2.074585103981161,46.56950111084377,140.70392993954448,32.89564508413975,0.11199434728846493,0
2026-05-09 20:35:46.791568,42.48135603292226,2.0746427142968913,53.79782442424657,146.66699674137843,31.10673412934093,0.11234764175940647,0
2026-05-09 21:35:46.791568,41.54959671549258,2.086155628770109,54.62328812975115,142.53736718349046,34.44173935520709,0.112700936230348,0
2026-05-09 22:35:46.791568,41.98133949810632,2.228503489878505,59.148564573220895,151.5117292183817,31.044292571002764,0.11305423070128952,0
2026-05-09 23:35:46.791568,42.9557379712558,2.030398625355652,46.31250461435221,146.47886745617265,31.484906954415408,0.11340752517223104,0
2026-05-10 00:35:46.791568,40.10767677852852,2.24035034815329,50.40186858280812,182.99600193536776,58.547731687259486,0.11376081964317258,0
2026-05-10 01:35:46.791568,45.90821095955198,2.395133549316396,43.4168068329913,150.9744260897656,33.085327762768365,0.1141141141141141,0
2026-05-10 02:35:46.791568,39.691350014418674,2.233854917320259,51.31207647988609,144.14346970815302,33.022623789166545,0.11446740858505565,0
2026-05-10 03:35:46.791568,39.25559199491006,2.131365629181304,47.9972009665186,144.6045863394646,30.865683023750258,0.11482070305599718,0
2026-05-10 04:35:46.791568,43.98141735151793,1.9938792991255356,55.40096000490784,150.51003519714914,30.817072091266446,0.11517399752693869,0
2026-05-10 05:35:46.791568,43.230395083002165,2.427099516666603,47.295247519926036,158.1682039176653,33.229991393901415,0.11552729199788023,0
2026-05-10 06:35:46.791568,42.87783678934153,2.016656363888218,44.539663330637374,148.97820684272344,33.4477845968586,0.11588058646882177,0
2026-05-10 07:35:46.791568,42.869474563224024,2.3212092476503163,48.181192610708294,150.5186162821022,31.297735128909277,0.11623388093976329,0
2026-05-10 08:35:46.791568,41.57214077319111,2.2914590305985856,43.65594446366196,149.91117421009562,28.977187188677007,0.11658717541070482,0
2026-05-10 09:35:46.791568,39.78664608514369,2.1619130115739966,51.82278383779911,156.05228456299253,31.804057085496318,0.11694046988164634,0
2026-05-10 10:35:46.791568,41.71795943311312,2.1597190373071062,43.36096899488042,137.76835549568858,33.53286682464341,0.11729376435258787,0
2026-05-10 11:35:46.791568,40.197902499230054,1.9255373922523789,49.62797972257034,150.6346777991236,35.96377486931015,0.11764705882352941,0
2026-05-10 12:35:46.791568,43.48902614146162,2.2521227932865386,43.29521778801427,140.58406894519428,58.79394903608974,0.11800035329447095,0
2026-05-10 13:35:46.791568,41.2319227323525,2.9848149605118643,48.55346477646815,135.54728986549492,31.63405056976722,0.11835364776541246,0
2026-05-10 14:35:46.791568,39.862988803188784,2.0426614091226605,54.42985753816476,152.34220019869045,31.775511901856504,0.11870694223635399,0
2026-05-10 15:35:46.791568,40.85985679794926,2.184341760374192,50.566692841606084,148.66427844365626,35.333055653249154,0.11906023670729554,0
2026-05-10 16:35:46.791568,42.31784084903683,2.2150768208768024,46.87895695592392,147.44968788580056,32.61868792294778,0.11941353117823705,0
2026-05-10 17:35:46.791568,40.354586949121256,3.0897523979086556,49.360179718942284,151.62614077340606,30.941043754599406,0.1197668256491786,0
2026-05-10 18:35:46.791568,39.82836640098869,2.213306357755581,49.491858346001564,168.0228270223582,33.94021338866646,0.12012012012012012,0
2026-05-10 19:35:46.791568,41.95167003096174,1.9704439383852224,50.839382771668696,151.40188188655623,32.08067173221981,0.12047341459106164,0
2026-05-10 20:35:46.791568,41.946438586337536,2.1365483873827644,49.03951009481811,151.64226116913326,30.50830017506469,0.12082670906200318,0
2026-05-10 21:35:46.791568,40.435554377478844,2.2513714663250264,51.16556633459695,148.95457547147754,57.61850519052926,0.1211800035329447,0
2026-05-10 22:35:46.791568,40.50102876193124,2.345536798511307,41.257381120636815,149.42802144437232,36.55941052958362,0.12153329800388624,0
2026-05-10 23:35:46.791568,41.901603051157394,2.1282834764079133,47.46326577628539,146.93876713915694,33.926871013516205,0.12188659247482776,0
2026-05-11 00:35:46.791568,38.53646913652476,2.550689410845693,47.87013463592192,143.29441210995324,33.44109863060126,0.12223988694576932,0
2026-05-11 01:35:46.791568,38.61358531853364,1.9399755420879465,51.21664809270754,162.55377812790024,32.79291699755096,0.12259318141671083,0
2026-05-11 02:35:46.791568,39.988243324973595,2.141187729833168,49.36594776727585,154.3829225505121,33.94412810289154,0.12294647588765235,0
2026-05-11 03:35:46.791568,40.995603546707024,2.214875720548228,45.062431220989495,150.74386494072508,33.987428260137825,0.1232997703585939,0
2026-05-11 04:35:46.791568,42.042429458250524,2.1987982135410653,46.30488520476379,137.07017948227835,34.07841997402638,0.1236530648295354,0
2026-05-11 05:35:46.791568,44.3701967252267,2.0456609586863452,49.836329297335475,150.07890067264043,33.79089844764613,0.12400635930047696,0
2026-05-11 06:35:46.791568,43.134429963209016,3.0651526937408766,48.98319388951758,165.47772465844537,35.36593089318061,0.12435965377141847,0
2026-05-11 07:35:46.791568,41.09961939772158,2.289265821199797,47.46281367826005,146.93003012550338,33.74166885804986,0.12471294824236,0
2026-05-11 08:35:46.791568,41.38261183206949,2.2423437594511797,47.73715967454599,157.17249437116388,31.80670844442202,0.12506624271330155,0
2026-05-11 09:35:46.791568,39.4174979716481,2.286466131751454,51.247326525016334,155.22062565123403,32.604866283204444,0.12541953718424306,0
2026-05-11 10:35:46.791568,41.38821003725865,2.1746553536164526,47.58459428301563,150.38613864661167,29.938800627505646,0.1257728316551846,0
2026-05-11 11:35:46.791568,40.85136816605683,1.9971419622711482,48.85193725067826,142.64387510492367,38.017598196048745,0.12612612612612611,0
2026-05-11 12:35:46.791568,42.078343474863516,2.133767413448144,55.604250788917895,136.1290217696462,35.75659909734822,0.12647942059706763,0
2026-05-11 13:35:46.791568,39.783439280195616,2.2663310436897572,44.801315776635874,155.0114613607626,49.25540294786311,0.1268327150680092,0
2026-05-11 14:35:46.791568,42.48236491645136,2.268686528523192,43.49445234796673,143.3368775926473,33.601652113606434,0.1271860095389507,0
2026-05-11 15:35:46.791568,44.51569822416168,2.2519763555375323,51.37806216946933,149.34571808825314,32.958714813466656,0.12753930400989225,0
2026-05-11 16:35:46.791568,41.24002815984403,2.3295630652702246,46.96837399677605,145.2537660514238,37.384688134106646,0.12789259848083376,0
2026-05-11 17:35:46.791568,42.26908114351918,2.161565016570469,48.02629958441083,149.1885139123491,68.44498134215019,0.1282458929517753,0
2026-05-11 18:35:46.791568,42.85483762121297,2.254212026271019,46.61395262172205,155.82712412166993,34.66279772795376,0.12859918742271684,0
2026-05-11 19:35:46.791568,40.681784716493645,2.3374896501714106,48.154133155730285,156.77644394063444,34.2839158746654,0.12895248189365835,0
2026-05-11 20:35:46.791568,41.94287199440113,2.240401123396169,53.7049636134032,144.56459041828398,36.221774770692214,0.1293057763645999,0
2026-05-11 21:35:46.791568,41.5311196906706,2.068087942662476,51.291255884650866,159.05311211386686,34.42720500330347,0.1296590708355414,0
2026-05-11 22:35:46.791568,41.71332244767013,2.111808361421402,51.446769475826116,150.55655812376708,31.1859316549209,0.13001236530648297,0
2026-05-11 23:35:46.791568,39.984774438187785,2.3820977761184388,44.58635508251007,142.5739419578655,34.26723968842577,0.13036565977742448,0
2026-05-12 00:35:46.791568,41.59342726957984,2.467772364909164,45.35622291849018,148.70048892465283,32.89227687130289,0.130718954248366,0
2026-05-12 01:35:46.791568,42.55480621966213,2.436618998994509,40.26680829812418,152.4625253572274,35.06288634978155,0.13107224871930753,0
2026-05-12 02:35:46.791568,44.47628988595719,2.2965683742235403,46.329975944949574,152.86239207210699,57.70042944256508,0.13142554319024907,0
2026-05-12 03:35:46.791568,43.50852806391031,2.0826870744599226,51.602017806486714,158.43468864693926,31.559128667161662,0.1317788376611906,0
2026-05-12 04:35:46.791568,45.91312604229098,2.2636098260159314,50.256255076796,152.28017774517193,33.5046596343053,0.13213213213213212,0
2026-05-12 05:35:46.791568,40.089631831999014,2.5003001138086276,48.01410221275684,150.57479670617536,34.066845147017006,0.13248542660307366,0
2026-05-12 06:35:46.791568,43.387325192350616,2.3601281534595584,48.584688570222575,144.9452666720634,34.47609481323646,0.13283872107401518,0
2026-05-12 07:35:46.791568,42.028515912615724,2.2376201666563085,46.557602930013836,157.16510850727377,36.78673428175226,0.13319201554495672,0
2026-05-12 08:35:46.791568,46.06137653620685,2.364416403568887,49.21093083777572,154.6233686884704,35.02652006789789,0.13354531001589826,0
2026-05-12 09:35:46.791568,40.08590329427908,2.0810881649900566,50.866409949074935,148.5748769510315,36.27234030394045,0.13389860448683977,0
2026-05-12 10:35:46.791568,40.044575317546204,2.1685156494525764,43.69296375728954,145.4336445889224,34.2563147145149,0.1342518989577813,0
2026-05-12 11:35:46.791568,40.54754217976293,2.1116007196907325,49.41114609309485,156.88796148074871,36.03483544229322,0.13460519342872285,0
2026-05-12 12:35:46.791568,37.521633087829414,2.3460225148392655,51.28081827671588,145.99080597990596,37.19770796269165,0.13495848789966436,0
2026-05-12 13:35:46.791568,40.74179929639238,2.3840539019763036,47.20925698908358,149.89753361085377,34.24463955094094,0.1353117823706059,0
2026-05-12 14:35:46.791568,40.29971557326814,2.2552105089111687,50.527439286495266,153.97844372687564,37.33908083950704,0.13566507684154744,0
2026-05-12 15:35:46.791568,42.14422567058994,2.148685478535482,56.83981763440107,146.43216091687174,35.94823608682804,0.13601837131248895,0
2026-05-12 16:35:46.791568,42.553191662106926,2.2779976443799175,48.053081894608205,149.8888213322541,38.0015369798163,0.1363716657834305,0
2026-05-12 17:35:46.791568,45.649046056449485,2.2093027448853775,49.51602839327104,141.3978541393879,35.57490264817674,0.13672496025437203,0
2026-05-12 18:35:46.791568,43.825358295400804,2.1641885651501753,46.09167584466844,162.26959445676945,36.80735770813377,0.13707825472531354,0
2026-05-12 19:35:46.791568,40.7992895175899,2.3357824690582953,48.819085214349165,152.03025454503694,36.030781883931404,0.13743154919625508,0
2026-05-12 20:35:46.791568,40.18563193689531,2.172548712244967,49.62537791675059,168.7903598893247,35.9866957726862,0.1377848436671966,0
2026-05-12 21:35:46.791568,42.99644046285061,2.0526041800656194,48.79806997814289,150.0332919402494,36.76410710269762,0.13813813813813813,0
2026-05-12 22:35:46.791568,39.40305096154055,2.0872436100985885,45.12318743984547,154.57600442254636,37.386987134174944,0.13849143260907967,0
2026-05-12 23:35:46.791568,45.73812248192976,2.049670978908212,48.76984161640985,149.41900573918673,33.88136832135602,0.1388447270800212,0
2026-05-13 00:35:46.791568,47.14218939024596,2.328581313854403,52.505581429372846,157.19949949003848,39.31489131231868,0.13919802155096273,0
2026-05-13 01:35:46.791568,41.20253675489935,2.3153051103577202,49.43289458009302,150.5403469202251,32.795423963062206,0.13955131602190424,0
2026-05-13 02:35:46.791568,38.748609732379784,2.3091074496991295,50.94070085449329,157.6060910049701,35.212251774162915,0.1399046104928458,0
2026-05-13 03:35:46.791568,44.917376984408584,2.3834697788485273,47.31121567978271,146.23238925489372,36.46046380158978,0.14025790496378732,0
2026-05-13 04:35:46.791568,42.01606600123985,2.475379991470084,50.23922689634655,147.7855859291069,37.54083983077037,0.14061119943472886,0
2026-05-13 05:35:46.791568,44.75704895734329,2.2090179343091894,48.79436855999268,149.11726173617484,39.935598897560126,0.14096449390567037,0
2026-05-13 06:35:46.791568,39.12958589946779,2.3600969875026903,45.07063800518729,144.00093243120372,33.133796815106045,0.14131778837661188,0
2026-05-13 07:35:46.791568,41.15746723350081,2.063446275304755,48.84550665106035,151.72716791047213,35.90211748425573,0.14167108284755345,0
2026-05-13 08:35:46.791568,42.4052287377136,2.5084541648870973,44.88119740330272,152.2475727344398,32.730964714915515,0.14202437731849496,0
2026-05-13 09:35:46.791568,42.52797128066412,2.1161780674010635,45.92376267059646,153.70147895520887,37.11500158781343,0.1423776717894365,0
2026-05-13 10:35:46.791568,41.57388918266187,2.1976416668367604,48.356278902549946,159.72242117087424,37.662250758471885,0.142730966260378,0
2026-05-13 11:35:46.791568,43.760467764778426,2.2157446033761508,48.6456937180823,165.05444656967336,40.367601023293226,0.14308426073131958,0
2026-05-13 12:35:46.791568,40.421008905376304,2.0777037737546604,44.151708908722846,157.49663126548978,37.49440501021652,0.1434375552022611,0
2026-05-13 13:35:46.791568,42.313702979216174,2.312770432767174,50.84658957791682,146.94246366850896,39.408311696793255,0.1437908496732026,0
2026-05-13 14:35:46.791568,42.88199183476608,2.341205712405693,49.365659688424415,152.62663512730995,38.55506155046551,0.14414414414414414,0
2026-05-13 15:35:46.791568,43.71393929947405,2.2819405638085395,45.5002488475238,154.62069671054743,36.58401694285593,0.14449743861508565,0
2026-05-13 16:35:46.791568,44.15267077213397,2.0805444813946865,42.96625986897505,154.54441445529622,64.24445194999414,0.14485073308602722,0
2026-05-13 17:35:46.791568,40.525250314461125,2.6103151859001583,47.10866952806466,150.6355575540538,47.52070251064263,0.14520402755696873,0
2026-05-13 18:35:46.791568,39.75210939643284,2.3964141906751717,46.16971214197006,151.49593054835694,34.67168715101222,0.14555732202791025,0
2026-05-13 19:35:46.791568,45.42219992675696,2.710381977708316,47.81091780072044,151.32657266053968,40.31343128012113,0.1459106164988518,0
2026-05-13 20:35:46.791568,43.578683593366705,2.195698248000107,46.34589484455411,153.6141670901233,37.46601888018708,0.1462639109697933,0
2026-05-13 21:35:46.791568,41.46498784935999,2.4613598773652923,41.37642002948444,158.42857606808172,40.24762385676246,0.14661720544073487,0
2026-05-13 22:35:46.791568,46.112861508290855,2.4357785652484667,46.1970951065564,155.25147483173805,36.96396611495371,0.14697049991167638,0
2026-05-13 23:35:46.791568,43.29118984802046,2.2765082690661096,46.40842557276985,150.76109250405926,69.23884878967787,0.1473237943826179,0
2026-05-14 00:35:46.791568,45.468399354271,2.5329564190471725,49.18921679616435,159.97316384132012,38.47734459684567,0.14767708885355943,0
2026-05-14 01:35:46.791568,43.295482629481256,2.2616888126701165,45.15639150956678,149.69253656971142,38.035684595633334,0.14803038332450097,0
2026-05-14 02:35:46.791568,47.33325325303585,2.269565495008628,52.24957953277793,149.4744338191413,37.32757975434089,0.1483836777954425,0
2026-05-14 03:35:46.791568,46.77441655696652,1.8041810660628008,41.441009187268364,156.98832723851865,39.044936767554006,0.14873697226638402,0
2026-05-14 04:35:46.791568,42.818444346894466,2.387443631312222,51.071621193600755,151.9405438663277,36.47482415312545,0.14909026673732556,0
2026-05-14 05:35:46.791568,45.31280708678663,2.1284544250118755,46.42716437745203,157.70195064831026,35.97540597165262,0.14944356120826707,0
2026-05-14 06:35:46.791568,44.71435875701206,2.2458619196898986,49.64069542778189,145.1428234251129,40.94705636570329,0.1497968556792086,0
2026-05-14 07:35:46.791568,46.21545503778386,2.1757241229249207,47.26298392345266,163.74304413307428,39.98286450631273,0.15015015015015015,0
2026-05-14 08:35:46.791568,41.60356761652235,2.27590717358031,50.40370609598175,158.85804474015893,38.7274376952119,0.15050344462109166,0
2026-05-14 09:35:46.791568,44.96137168002306,2.398606724423139,45.784237190289424,149.15056740593892,41.993065192573866,0.15085673909203318,0
2026-05-14 10:35:46.791568,45.7625975208056,2.334876743034439,43.611571214159255,150.07524597379003,38.19437533951551,0.15121003356297472,0
2026-05-14 11:35:46.791568,40.185368784451576,2.440830637692738,51.129882804132265,163.92714966244546,41.44243876642206,0.15156332803391628,0
2026-05-14 12:35:46.791568,41.39404312563334,2.5254060103977305,46.48869574816181,150.64069378385557,39.21530644577463,0.15191662250485782,0
2026-05-14 13:35:46.791568,39.74041503592932,2.281417609420918,47.45441339172727,156.7771493310097,36.881782725249096,0.15226991697579934,0
2026-05-14 14:35:46.791568,43.338985377184315,2.2661257008804,50.45442879691136,144.83692077706777,42.694490558422466,0.15262321144674088,0
2026-05-14 15:35:46.791568,45.372397098747996,2.4827421733242545,43.61457947514554,155.56215009678183,41.046957817607826,0.1529765059176824,0
2026-05-14 16:35:46.791568,47.002127497239606,2.495810890896107,48.457029374027,158.4643670061094,38.890620011819415,0.1533298003886239,0
2026-05-14 17:35:46.791568,44.20628431001583,2.452511817661766,44.86082550108401,168.27859127591688,40.65413054238534,0.15368309485956544,0
2026-05-14 18:35:46.791568,47.376580940254016,2.1997644571226656,46.19379868550611,148.2713960020434,38.4595071048005,0.15403638933050695,0
2026-05-14 19:35:46.791568,41.420968879210115,2.4071564126843867,46.76678681225697,151.12128146118357,40.99233799239429,0.1543896838014485,0
2026-05-14 20:35:46.791568,40.83678872314736,2.3613444853747687,46.36118561709569,158.74996094323953,34.61900874118619,0.15474297827239006,0
2026-05-14 21:35:46.791568,44.19539279448203,2.5039679281337994,44.13227284678096,161.94411726395623,37.428689153843806,0.15509627274333157,0
2026-05-14 22:35:46.791568,49.05185368883428,2.261321498914443,50.48119815620527,148.77201429111471,41.493937259285815,0.1554495672142731,0
2026-05-14 23:35:46.791568,44.36859749136803,2.0984236102493203,49.04560394646048,161.30608761415138,52.993401277974236,0.15580286168521462,0
2026-05-15 00:35:46.791568,43.61096104270544,3.2596590817292874,46.15802026708949,158.32604168430015,40.08475425944716,0.15615615615615616,0
2026-05-15 01:35:46.791568,44.38536976972035,1.966983259287795,47.0340780338364,160.8195813127804,37.04322429491769,0.15650945062709767,0
2026-05-15 02:35:46.791568,42.02026020545956,2.242172192841936,45.38061117124928,192.84834589129935,43.499655560031655,0.1568627450980392,0
2026-05-15 03:35:46.791568,46.034642196475005,2.1995800102763883,50.29158458135514,145.95437506098335,42.25210680554169,0.15721603956898073,0
2026-05-15 04:35:46.791568,45.49509235449872,2.1997287992143146,45.57913947262199,158.61654339142177,39.53680303083457,0.15756933403992227,0
2026-05-15 05:35:46.791568,46.12076891444535,2.243023553731029,46.83395565679144,162.98432273300097,39.195907703337475,0.15792262851086383,0
2026-05-15 06:35:46.791568,43.86883111909975,2.539143278213438,49.53462373043955,153.49030448374504,42.1316340893824,0.15827592298180534,0
2026-05-15 07:35:46.791568,42.846192519671334,2.4807792999142255,43.72239686041453,157.4022269894779,44.10449221635976,0.15862921745274686,0
2026-05-15 08:35:46.791568,44.9077854156067,2.3210949869719713,50.688733345742925,155.64632173127586,42.1141977771235,0.1589825119236884,0
2026-05-15 09:35:46.791568,47.01241368752387,2.530056651981304,41.37871486661887,143.71379860256718,44.61740854977288,0.1593358063946299,0
2026-05-15 10:35:46.791568,43.2001156595153,2.201827121277599,50.81663998980979,165.64620678519444,38.496226506334736,0.15968910086557145,0
2026-05-15 11:35:46.791568,46.24954456609599,2.1825878530143275,44.76718491769195,152.7986499745585,38.769281452939886,0.160042395336513,0
2026-05-15 12:35:46.791568,44.2512568958869,2.493028710472236,45.1144994516366,157.48189175489475,38.09729882730966,0.1603956898074545,0
2026-05-15 13:35:46.791568,43.79677554874851,2.4515948123400846,40.12983754416172,161.47146098675952,41.425828312194206,0.16074898427839604,0
2026-05-15 14:35:46.791568,45.23962965764987,2.2967682808174525,44.39264699417162,164.23306428153958,60.20779605315153,0.16110227874933755,0
2026-05-15 15:35:46.791568,43.45478651475584,2.196648547821507,42.59466776109937,163.73956973290808,88.32792166088763,0.16145557322027912,0
2026-05-15 16:35:46.791568,44.48995641766171,2.587087862449675,43.84810004272912,160.42355347249918,42.36220211757852,0.16180886769122063,0
2026-05-15 17:35:46.791568,43.27387760386224,2.111273686987145,45.215955824592726,152.51484606844687,43.275468021240144,0.16216216216216217,0
2026-05-15 18:35:46.791568,49.67184785025582,2.280686837329762,48.458013532612405,161.44272282323894,37.82661194171602,0.16251545663310368,0
2026-05-15 19:35:46.791568,45.88606600017593,2.405899614600003,46.1641014443815,155.43570158061314,39.75111865396636,0.16286875110404522,0
2026-05-15 20:35:46.791568,44.48959753053978,2.643101094508211,46.42087919859521,166.49601020532518,42.652475847493605,0.16322204557498676,0
2026-05-15 21:35:46.791568,46.390877520544215,2.431405552661003,42.16775648452055,154.29600844199933,40.14383724100921,0.16357534004592827,0
2026-05-15 22:35:46.791568,45.812481361395335,2.447151355958576,42.768427780250896,168.62473574546132,39.550028405488945,0.1639286345168698,0
2026-05-15 23:35:46.791568,45.66975968397805,2.290864309210535,50.76315291189541,159.55723202376663,43.250641362984936,0.16428192898781133,0
2026-05-16 00:35:46.791568,47.41492636332076,2.4627112526396244,43.11757739802357,164.1671901833143,38.70169231771508,0.16463522345875284,0
2026-05-16 01:35:46.791568,47.77682606615977,2.3944041991011296,50.24792517292422,159.14234259294176,40.74465879105973,0.1649885179296944,0
2026-05-16 02:35:46.791568,45.276340529834094,2.1415080084394527,44.50615643806625,147.42617360220382,42.072232407730446,0.16534181240063595,0
2026-05-16 03:35:46.791568,45.26154386266942,2.499889191164355,45.198165602340026,153.3777585281154,40.334430477779485,0.16569510687157746,0
2026-05-16 04:35:46.791568,45.939210603914326,2.5276807088368236,48.35828361585067,163.79591766532482,43.11550756710496,0.166048401342519,0
2026-05-16 05:35:46.791568,41.961892206945194,2.50380073673672,48.91867876806875,159.04764126380613,40.47856825416276,0.1664016958134605,0
2026-05-16 06:35:46.791568,43.61205053734962,2.3894710671778614,44.72630666102453,166.31602044046093,44.50068714092823,0.16675499028440205,0
2026-05-16 07:35:46.791568,49.45314756836737,2.2422229424256734,43.8496899428897,160.49628069858613,41.49908150852373,0.16710828475534356,0
2026-05-16 08:35:46.791568,50.08655969543931,2.040451286990351,44.80226689362311,154.3054615853027,43.160240326404875,0.1674615792262851,0
2026-05-16 09:35:46.791568,46.376026863375444,2.4115681118119454,45.93944678851985,158.4946790525371,43.37687390843869,0.1678148736972266,0
2026-05-16 10:35:46.791568,48.1049275181422,2.551484533889312,47.55497051521908,161.85887925097623,40.69687194646381,0.16816816816816818,0
2026-05-16 11:35:46.791568,47.652259024578406,2.5397082556498756,44.84917602818713,149.33796193534278,37.91210480411907,0.16852146263910972,0
2026-05-16 12:35:46.791568,53.26568639174043,2.5139765551598896,46.64851654963787,171.12275877435528,42.8077153602374,0.16887475711005123,0
2026-05-16 13:35:46.791568,49.42545201991724,2.381623384549408,49.66225472868115,164.24666965012895,42.29790649463836,0.16922805158099277,0
2026-05-16 14:35:46.791568,47.00904619274225,2.557066295486248,45.846371383175644,170.1745173219195,43.33210780501776,0.16958134605193428,0
2026-05-16 15:35:46.791568,45.432571791230735,2.533764892162718,45.59261973541043,152.4130834107114,41.83452675458073,0.1699346405228758,0
2026-05-16 16:35:46.791568,44.209713777952494,2.693119282339666,40.056101389845665,166.67537382240798,41.49385225122386,0.17028793499381734,0
2026-05-16 17:35:46.791568,47.908660187913924,2.4990254547196806,36.67577270107315,169.94938291216945,65.12864251950279,0.17064122946475885,0
2026-05-16 18:35:46.791568,46.06832095003192,2.3183432150523555,45.68817856815854,154.0017916815211,39.54425142476152,0.1709945239357004,0
2026-05-16 19:35:46.791568,44.8159578217735,2.4809446677798026,44.1936284533559,167.31704920258372,85.23306311870624,0.17134781840664196,0
2026-05-16 20:35:46.791568,46.44690577378487,2.2062801684887616,42.88876686389004,164.20977746381016,41.474007730374076,0.17170111287758347,0
2026-05-16 21:35:46.791568,45.656675539554676,2.219025285946349,45.11868569564198,155.88115580648042,42.018780160738906,0.172054407348525,0
2026-05-16 22:35:46.791568,51.27389870577866,2.562300340215767,44.161833022588475,160.65412119332512,42.12325768055071,0.17240770181946652,0
2026-05-16 23:35:46.791568,49.74285288424118,2.545418434741164,47.6813055026883,170.49280883807643,41.21772074683502,0.17276099629040806,0
2026-05-17 00:35:46.791568,48.04369021175338,2.5010442612331407,44.51119179167651,155.24778989784687,44.034163665128894,0.17311429076134957,0
2026-05-17 01:35:46.791568,51.09968021253781,2.4204190204223717,41.966960146334635,169.61309940064035,45.740128386035224,0.1734675852322911,0
2026-05-17 02:35:46.791568,48.37476941881873,2.049756825677665,47.133078395562556,153.00276442022115,43.96599446610752,0.17382087970323262,0
2026-05-17 03:35:46.791568,52.89602631262866,2.3984440908664344,43.466017478277216,156.07191408705123,43.29985708551728,0.17417417417417416,0
2026-05-17 04:35:46.791568,51.426976363821176,2.479033718069615,45.65183561139088,160.24895540181961,41.1873380443735,0.17452746864511573,0
2026-05-17 05:35:46.791568,49.538982997253214,2.331930358980968,42.59479461805564,164.7585363631277,44.260995523699776,0.17488076311605724,0
2026-05-17 06:35:46.791568,46.46715006058512,2.3065037333199094,42.0323360621199,155.87089266822153,47.607170204988364,0.17523405758699878,0
2026-05-17 07:35:46.791568,48.24147929213419,2.6312819205312894,44.18910268402451,168.53346213009607,42.60020764341847,0.1755873520579403,0
2026-05-17 08:35:46.791568,46.95145929575224,2.4068200682077134,43.929858979334114,163.19061106973126,54.482921410087584,0.1759406465288818,0
2026-05-17 09:35:46.791568,46.01765042148216,2.4853308717703086,45.28562547816903,163.39569732697066,42.373670528004446,0.17629394099982335,0
2026-05-17 10:35:46.791568,50.71616403518187,2.5344831896856466,42.99497719153165,162.24992412585726,42.584146270456486,0.17664723547076489,0
2026-05-17 11:35:46.791568,52.76319630194792,2.2694035473589613,38.24660642351516,169.3655732686137,57.20165552263109,0.1770005299417064,0
2026-05-17 12:35:46.791568,46.22776702758972,2.4498596941148443,42.412139179296815,165.91596185562094,44.50729741011453,0.17735382441264794,0
2026-05-17 13:35:46.791568,50.23135492767252,2.620088629083111,46.04669750634865,173.36777160726655,42.07324823517277,0.17770711888358945,0
2026-05-17 14:35:46.791568,47.88461077540185,2.696292777428945,42.72790384916606,161.14380678498858,40.61095229977728,0.17806041335453096,0
2026-05-17 15:35:46.791568,48.29207984671817,2.430671143479353,42.83568305561181,174.04601239925438,45.40498438630488,0.17841370782547256,0
2026-05-17 16:35:46.791568,50.69703614341428,2.390264642451254,46.4887776381314,164.30164225996407,41.8016948662348,0.17876700229641407,0
2026-05-17 17:35:46.791568,47.69904448064628,2.467589449501863,41.34855946306796,155.64946175973097,43.35551827803004,0.17912029676735558,0
2026-05-17 18:35:46.791568,49.6043101446613,2.4650653021363844,38.810919167255584,170.51409148056672,47.03286711765361,0.17947359123829712,0
2026-05-17 19:35:46.791568,47.925523096320724,2.637821668496213,42.91230627805335,165.06161246813238,41.34867668870632,0.17982688570923863,0
2026-05-17 20:35:46.791568,50.2083991047468,2.2816417926241925,41.89657221899659,166.53969590983436,41.1690377650387,0.18018018018018017,0
2026-05-17 21:35:46.791568,49.646967168997605,2.3904166102719167,40.40527565409045,169.4778145178365,60.77353979162632,0.1805334746511217,0
2026-05-17 22:35:46.791568,49.34939118301313,2.2661279065917084,42.7328283727504,165.16236711022637,46.66746086121275,0.18088676912206322,0
2026-05-17 23:35:46.791568,48.09187995717628,2.28319097546646,44.688460876635496,162.35092912558085,41.28692864720698,0.18124006359300474,0
2026-05-18 00:35:46.791568,48.833050921423904,2.975462648238392,43.14109199162746,166.4951989800916,45.318117505824155,0.1815933580639463,0
2026-05-18 01:35:46.791568,51.57681883458039,2.5591100590950164,44.044950661120076,163.71840394261957,45.731863061552076,0.18194665253488784,0
2026-05-18 02:35:46.791568,51.14716028259869,2.3415428286897946,48.51931880751534,171.13339736403265,40.51866896372294,0.18229994700582935,0
2026-05-18 03:35:46.791568,48.26934191546467,2.556090827481712,42.005588373740856,155.5209876701432,46.30111855640091,0.1826532414767709,0
2026-05-18 04:35:46.791568,50.50207076195627,2.6083433235933633,43.82444356006732,168.96969735229285,46.52445358974972,0.1830065359477124,0
2026-05-18 05:35:46.791568,51.8849516945692,3.502586690464523,41.41697618935073,160.97789122143047,44.21479663303219,0.18335983041865392,0
2026-05-18 06:35:46.791568,47.121946064238585,2.454743302632608,40.36080413200016,173.10469176494536,47.41018645361916,0.18371312488959549,0
2026-05-18 07:35:46.791568,51.625854433459324,2.3496615545244453,41.1004782077077,169.38758631422388,47.24553082715172,0.184066419360537,0
2026-05-18 08:35:46.791568,49.29205259014638,2.2966055396116376,41.37429665775967,168.6599050864794,45.24598147941532,0.1844197138314785,0
2026-05-18 09:35:46.791568,51.83644256868505,2.2830626436497816,43.84442676156097,162.9694468087191,44.203980796809944,0.18477300830242008,0
2026-05-18 10:35:46.791568,49.246441567956175,2.6371592812688647,49.768711979808195,156.88997178718841,43.22834174177279,0.1851263027733616,0
2026-05-18 11:35:46.791568,47.24067035376363,2.223793746093549,40.52890027551214,175.30628452407203,45.16599645768521,0.18547959724430313,0
2026-05-18 12:35:46.791568,47.67257491428477,2.635091570201654,41.38276380322871,174.06180555124828,46.44776726530484,0.18583289171524467,0
2026-05-18 13:35:46.791568,51.100796055105455,2.3235398302566486,42.398945442333876,165.35916791096443,66.36690435223788,0.18618618618618618,0
2026-05-18 14:35:46.791568,51.600769290555995,2.3524072384154917,49.10213984207947,170.26240804620613,41.0474993143302,0.1865394806571277,0
2026-05-18 15:35:46.791568,49.34911157510298,2.4338425876860708,43.2905231242329,160.93467021045595,48.0470550634863,0.18689277512806923,0
2026-05-18 16:35:46.791568,52.51106339712538,2.352421073517304,46.308044411464245,158.18276097429234,45.95719966750183,0.18724606959901077,0
2026-05-18 17:35:46.791568,47.986675873936335,2.599165238702051,35.132542577214934,169.4121208429902,44.88463017993727,0.18759936406995228,0
2026-05-18 18:35:46.791568,51.25308858016963,2.7327746141100957,35.20696879619007,167.24674288756728,47.425321899616414,0.18795265854089385,0
2026-05-18 19:35:46.791568,49.03843346077058,2.363568726275454,40.836243805185646,163.10816178019164,66.39811399677771,0.18830595301183536,0
2026-05-18 20:35:46.791568,50.231687724880594,3.161316660794495,45.571981529319075,169.13135399295538,40.24143388275182,0.18865924748277688,0
2026-05-18 21:35:46.791568,51.70471870538524,2.440524057455888,37.53942467965354,168.79732262561356,46.78091027105065,0.18901254195371844,0
2026-05-18 22:35:46.791568,49.96331439388572,2.5476089035474008,33.1698471533909,162.31804990478065,43.1262104990647,0.18936583642465996,0
2026-05-18 23:35:46.791568,50.988899188544806,3.099912950455674,43.86274780379518,170.23518797132598,47.04485588376216,0.18971913089560147,0
2026-05-19 00:35:46.791568,53.84410554572581,2.6774134864404755,42.83673910445794,168.63900685673485,46.36961522439233,0.190072425366543,0
2026-05-19 01:35:46.791568,50.75087750006006,2.642764845106566,38.79179491393744,165.91952678464682,47.45233982200316,0.19042571983748452,0
2026-05-19 02:35:46.791568,53.64880965861976,2.2944044516239925,39.06255129940726,173.02899410069364,45.24951748961164,0.19077901430842606,0
2026-05-19 03:35:46.791568,49.79039008585809,2.551827793301251,39.06678858577585,158.67230413121254,42.568658444441546,0.19113230877936763,0
2026-05-19 04:35:46.791568,53.18139601976539,2.7031984866908587,42.264577421771214,168.21736864914223,45.4815282350454,0.19148560325030914,0
2026-05-19 05:35:46.791568,55.07650568728623,2.402401812257737,40.0110818486757,160.9085819295942,68.13087048408757,0.19183889772125065,0
2026-05-19 06:35:46.791568,47.321248610001625,2.4339569478538565,43.329382522745426,162.03724276877318,48.54730117386696,0.1921921921921922,0
2026-05-19 07:35:46.791568,50.74149617995668,2.4003752754884196,33.240583139703794,159.42283360561302,44.23997986505036,0.19254548666313373,0
2026-05-19 08:35:46.791568,53.55975154283019,2.4050101014921195,39.19129155859815,162.91224397699173,48.70488926922033,0.19289878113407524,0
2026-05-19 09:35:46.791568,52.06940029925703,2.2323008513596436,38.341183344324875,163.07002876332268,69.72443645366914,0.19325207560501678,0
2026-05-19 10:35:46.791568,53.28722152375063,2.284825052474475,40.907937692562946,166.6928519913873,47.509920077621125,0.1936053700759583,0
2026-05-19 11:35:46.791568,51.405944839944716,2.497203683313545,40.020549755806734,172.16574620110444,61.935395609359716,0.19395866454689983,0
2026-05-19 12:35:46.791568,52.85561883502597,2.7141393192938312,43.98607884826447,168.10830944348965,47.28361346881407,0.1943119590178414,0
2026-05-19 13:35:46.791568,52.43913939897212,2.39661921360103,35.97251521053588,161.35690908659765,48.7701534320093,0.1946652534887829,0
2026-05-19 14:35:46.791568,55.153635192639136,2.3937402141945396,41.64510387213477,175.04981665481256,44.599495957770564,0.19501854795972443,0
2026-05-19 15:35:46.791568,53.394004647826804,2.746919252595465,43.14187088716006,165.43578407833184,45.76083826833287,0.19537184243066597,0
2026-05-19 16:35:46.791568,53.626967048864884,2.326996609329688,46.995166709344076,167.10945568186904,47.5577011859896,0.1957251369016075,0
2026-05-19 17:35:46.791568,52.19410568481521,2.2455997903486544,39.93842222209034,169.1975854804831,52.05806928284502,0.19607843137254902,0
2026-05-19 18:35:46.791568,52.1082365266385,2.3720669299472976,42.31572697828924,169.7168314045489,45.59564848592955,0.19643172584349056,0
2026-05-19 19:35:46.791568,52.2834058392317,2.3984915429677094,35.889531446771116,173.9877885628845,51.46942163173593,0.19678502031443207,0
2026-05-19 20:35:46.791568,54.00197612072978,2.237363254116487,34.08415982988426,168.91560133472024,51.46512641657132,0.19713831478537358,0
2026-05-19 21:35:46.791568,52.435121457951496,2.481854038799709,43.753402471908664,163.7155968570096,47.328783457296694,0.19749160925631518,0
2026-05-19 22:35:46.791568,53.92012034504697,2.644913443757524,41.16159396734294,178.11708067085442,46.994226655778974,0.1978449037272567,0
2026-05-19 23:35:46.791568,57.55430681896263,2.3113466325639562,44.67315533627748,166.64298305978227,46.27352726032827,0.1981981981981982,0
2026-05-20 00:35:46.791568,55.20813643475289,2.5189771412558186,36.97690024051606,192.19451907865778,71.6734127250231,0.19855149266913974,0
2026-05-20 01:35:46.791568,52.87566191008229,2.566838563093008,42.616458489676454,199.60903465804222,44.97847069149632,0.19890478714008125,0
2026-05-20 02:35:46.791568,55.99139191868102,2.4965556578849895,46.62300257468829,172.9410393765052,47.70655747145313,0.1992580816110228,0
2026-05-20 03:35:46.791568,52.833494684438755,2.5385395991498787,42.23561896749198,166.44666685758207,50.919922003274934,0.19961137608196433,0
2026-05-20 04:35:46.791568,49.63349716601763,2.5419145751165577,41.76635813887371,179.12086977591346,46.77111728009867,0.19996467055290584,0
2026-05-20 05:35:46.791568,51.75308715562118,2.3920434696384114,40.9225540112255,166.53864163926394,47.5789647465529,0.20031796502384736,0
2026-05-20 06:35:46.791568,50.086595590028175,2.740384667163301,36.14467648129705,168.60688812465995,44.72525835547541,0.2006712594947889,0
2026-05-20 07:35:46.791568,53.1834717044819,2.7044129031604753,47.97378292570379,170.88982356895175,48.942789429750874,0.20102455396573046,0
2026-05-20 08:35:46.791568,53.981047824610705,2.6973957000282276,38.94611596179513,174.06499182231687,60.21594638847599,0.20137784843667197,0
2026-05-20 09:35:46.791568,57.35418490097356,2.672627516260993,42.253076102985766,158.38938620962676,48.456321871978105,0.20173114290761351,0
2026-05-20 10:35:46.791568,54.71164481103155,2.286003987918594,36.0116328198678,156.1152819118521,47.96238900148117,0.20208443737855503,0
2026-05-20 11:35:46.791568,53.67544322822913,2.6628426420802764,37.12364034210073,166.03627322036593,47.87765321385943,0.20243773184949654,0
2026-05-20 12:35:46.791568,55.82767806317723,2.623963535470346,44.928741549919664,157.52122268898486,49.53409546828458,0.2027910263204381,0
2026-05-20 13:35:46.791568,49.80118134767187,2.2968425082417894,39.54321114590466,165.30580658214205,48.53978774718488,0.20314432079137962,0
2026-05-20 14:35:46.791568,54.74862275486862,2.4967899533597087,44.906763961570704,175.75113920518223,49.29449064295168,0.20349761526232113,0
2026-05-20 15:35:46.791568,55.87241656745072,3.0721431248110154,40.274248146160986,162.23985329460066,49.161638484229,0.20385090973326267,0
2026-05-20 16:35:46.791568,54.74765226320953,2.7821082969274005,34.94543466543221,164.79755264062464,51.045653372990316,0.20420420420420418,0
2026-05-20 17:35:46.791568,56.7228095066714,2.642898145008761,43.10970611006435,171.59919922315493,50.2199129430278,0.20455749867514575,0
2026-05-20 18:35:46.791568,55.1636059718572,2.4062413977253354,38.62639133686266,170.0752343935786,49.318774384056965,0.2049107931460873,0
2026-05-20 19:35:46.791568,53.706678009584465,2.791979103344324,42.45489154223837,158.64251376008247,52.03702070853983,0.2052640876170288,0
2026-05-20 20:35:46.791568,55.85278197630724,2.5459902943160175,40.39740852017487,173.01840898167748,49.90783965482748,0.2056173820879703,0
2026-05-20 21:35:46.791568,59.177886981892385,2.502807601998693,35.65556821824093,171.66530293600533,51.744353923774085,0.20597067655891182,0
2026-05-20 22:35:46.791568,55.0488304111733,2.493884462096058,40.74115250792165,175.51793538048923,50.41543971244542,0.2063239710298534,0
2026-05-20 23:35:46.791568,55.22944442672256,2.3011953298990897,46.800483421967,174.5693893095178,45.58484228728795,0.2066772655007949,0
2026-05-21 00:35:46.791568,53.861490741488986,2.530047646968491,41.65452176951142,181.3122154431282,51.94547592126859,0.20703055997173644,0
2026-05-21 01:35:46.791568,53.127032346695735,2.6229283783552897,39.966962280959486,164.65136671889883,49.67328482679415,0.20738385444267796,0
2026-05-21 02:35:46.791568,56.53319595848103,2.492298694895709,45.94408686220885,171.68621604018665,49.36614875178614,0.20773714891361947,0
2026-05-21 03:35:46.791568,53.205450155755486,2.6149827830944834,40.70004996081616,166.4418005410142,91.03556992319665,0.20809044338456106,0
2026-05-21 04:35:46.791568,55.105129666611646,2.4240731071457393,40.66122735996135,169.74691563981477,48.914343868631356,0.20844373785550258,0
2026-05-21 05:35:46.791568,54.05034335865688,2.534417600686484,36.7225424535291,177.27464573042366,50.125493862802266,0.2087970323264441,0
2026-05-21 06:35:46.791568,61.639440536630175,2.604871045012442,40.66397063653002,160.6188641991582,48.554809958817074,0.2091503267973856,0
2026-05-21 07:35:46.791568,61.327427014495925,2.587680547699122,43.03398276882602,163.35767304273537,52.354232558450896,0.20950362126832714,0
2026-05-21 08:35:46.791568,57.20737081196178,2.3202613079017778,37.38491146928741,178.858747768608,49.64563776321895,0.20985691573926868,0
2026-05-21 09:35:46.791568,54.15300590019955,2.497088091623906,44.13225230659743,176.02258848909779,49.174772254495075,0.21021021021021022,0
2026-05-21 10:35:46.791568,54.673298859808035,2.816424616340817,39.5495372558432,170.48762556931734,48.15721425798028,0.21056350468115173,0
2026-05-21 11:35:46.791568,53.294790053687564,2.492812759192482,37.127462895290144,175.21307587284184,50.611743417195,0.21091679915209324,0
2026-05-21 12:35:46.791568,54.402255023968834,2.570933617274062,42.750011417626425,176.12224535409788,50.51553198862679,0.21127009362303475,0
2026-05-21 13:35:46.791568,56.083218592562595,2.557440280308386,38.863305922065614,174.5228891831597,50.98529296521052,0.21162338809397635,0
2026-05-21 14:35:46.791568,56.879619723423744,2.8075891254232648,41.96903844064464,170.37908303945468,48.221065912324136,0.21197668256491786,0
2026-05-21 15:35:46.791568,53.557582483429066,2.767816279004027,38.782256748678385,175.70304822082772,47.140333239190134,0.21232997703585937,0
2026-05-21 16:35:46.791568,57.17663842766297,2.697307008455735,39.44532880311911,187.81629370039767,51.661004191305295,0.2126832715068009,0
2026-05-21 17:35:46.791568,58.18345575057778,2.4321157257163444,41.07300014925452,175.15771105009634,53.446231259524076,0.21303656597774243,0
2026-05-21 18:35:46.791568,56.33304057086805,2.6339126778723325,40.43276270974999,174.19067751270094,48.49136624047017,0.213389860448684,0
2026-05-21 19:35:46.791568,59.292987823696386,2.667168079746108,33.54146986895426,175.77052984693452,53.79008200185224,0.2137431549196255,0
2026-05-21 20:35:46.791568,54.02427547510122,2.4791361566312955,36.13257130081274,167.80827195267398,51.2461475016805,0.21409644939056702,0
2026-05-21 21:35:46.791568,53.11423204132473,2.455307860934201,42.25301537892982,183.31061248636527,50.73132552458496,0.21444974386150853,0
2026-05-21 22:35:46.791568,52.07701620588326,2.8436045895330846,39.03710609949229,172.5937080918048,50.017479890073965,0.21480303833245012,0
2026-05-21 23:35:46.791568,58.65668616691574,2.544707521089732,37.831301873411476,168.071548747644,48.11066719379441,0.21515633280339164,0
2026-05-22 00:35:46.791568,62.035416659405996,2.834058614471944,41.303877484732105,166.44896524418792,52.9222862139725,0.21550962727433315,0
2026-05-22 01:35:46.791568,55.6113788626798,2.743368764711443,36.10200276404926,176.55521583085246,97.50636959141004,0.2158629217452747,0
2026-05-22 02:35:46.791568,56.31029169815134,2.656987376713227,33.2455556603885,179.10101232082167,49.52146772960588,0.2162162162162162,0
2026-05-22 03:35:46.791568,53.52640101838006,2.6656952925587936,38.97710639385594,165.01748268215883,53.132059650333886,0.21656951068715777,0
2026-05-22 04:35:46.791568,60.69512468512554,2.9152146265545498,37.455891780802865,177.02281693421082,47.44936608669541,0.21692280515809928,0
2026-05-22 05:35:46.791568,56.08752029110434,2.6328769520596933,36.32195770043995,162.4139758506039,48.235263308181416,0.2172760996290408,0
2026-05-22 06:35:46.791568,56.07253907298529,2.816449257289873,41.58036084714212,170.10066861495642,51.31331639198047,0.2176293940999823,0
2026-05-22 07:35:46.791568,57.32916753487776,2.7081411809087723,40.255457052235755,176.61250109229417,52.00327968648524,0.21798268857092387,0
2026-05-22 08:35:46.791568,56.862749816351865,2.631143426872385,45.41444959057644,182.07935045231326,52.45330607389228,0.2183359830418654,0
2026-05-22 09:35:46.791568,56.37080787017992,2.866844787703266,34.570784445318814,170.81729214191216,50.94736574064081,0.21868927751280692,0
2026-05-22 10:35:46.791568,54.36361004764941,2.5843680078076137,42.55642684279789,167.4624578243881,56.67882801419559,0.21904257198374846,0
2026-05-22 11:35:46.791568,56.9082248680299,2.521269302788256,41.969709316004256,171.9740073729145,51.229429508859425,0.21939586645468998,0
2026-05-22 12:35:46.791568,59.74927591534046,2.6393646152261585,36.68552104765926,166.86423536591113,51.29076827166453,0.2197491609256315,0
2026-05-22 13:35:46.791568,58.69521499693011,2.73335574810008,39.605177265910775,178.8928085116201,50.22549318772113,0.22010245539657305,0
2026-05-22 14:35:46.791568,59.2091051190331,2.362820989613254,37.59551707390335,181.03604109540547,52.13440610786991,0.22045574986751457,0
2026-05-22 15:35:46.791568,55.01786634339916,2.6653335117559065,39.49870903523474,176.7769015640007,53.183640888400205,0.22080904433845608,0
2026-05-22 16:35:46.791568,54.07786277127235,2.7462767324499797,43.442543616413325,177.33917426969572,54.42800048285247,0.22116233880939765,0
2026-05-22 17:35:46.791568,55.821482312963006,2.5864091577223203,40.70575911322551,172.24514732250518,87.88946799629464,0.22151563328033916,0
2026-05-22 18:35:46.791568,56.19969901093557,2.7950391966186294,40.388839666649275,171.8720151993144,51.66310559603193,0.2218689277512807,0
2026-05-22 19:35:46.791568,58.29103493940936,2.7273202215774788,37.546446735516696,167.19268317471278,53.11562944384052,0.22222222222222224,0
2026-05-22 20:35:46.791568,52.731335558201046,2.954506091926676,34.35985257886839,171.8646625184404,53.463463240890185,0.22257551669316375,0
2026-05-22 21:35:46.791568,59.188189211878175,2.5228732532224347,38.16155525174301,161.73272480620315,52.36957143678908,0.22292881116410526,0
2026-05-22 22:35:46.791568,55.82510813726442,2.7622438906813835,42.382012779324654,174.7473194356526,53.5084480097231,0.2232821056350468,0
2026-05-22 23:35:46.791568,55.29860965285427,2.4872212128635334,34.15620597664628,174.93286910354126,50.872798234286186,0.22363540010598834,0
2026-05-23 00:35:46.791568,54.13862441274375,2.3997058764666623,35.5482571409665,176.27634120913055,55.673662834253385,0.22398869457692985,0
2026-05-23 01:35:46.791568,52.86279584200713,2.338880919958623,44.77966665191653,177.40015768619568,54.61023412505443,0.22434198904787142,0
2026-05-23 02:35:46.791568,57.827742292131944,2.7271675063408507,35.71208230134894,169.95610123237378,50.002248294444115,0.22469528351881293,0
2026-05-23 03:35:46.791568,56.33614630114848,2.6762730977084397,36.26518530152542,171.7891027638524,50.60902372181983,0.22504857798975442,0
2026-05-23 04:35:46.791568,53.61691662589077,2.579003906722435,37.34896990327137,175.56792058196288,50.73251226731843,0.225401872460696,0
2026-05-23 05:35:46.791568,53.613229391433165,2.3870702124379837,34.50022606826826,174.22367990611014,54.24942165880418,0.22575516693163752,0
2026-05-23 06:35:46.791568,55.5375882576489,2.551780803107783,35.652329597592676,173.72953776561607,50.39115213365508,0.22610846140257904,0
2026-05-23 07:35:46.791568,59.55219551992086,2.658204314154635,40.66290154921507,174.4452951904082,52.36568494755275,0.22646175587352058,0
2026-05-23 08:35:46.791568,55.69919067690509,2.7788259590378135,34.60873849407104,173.6428944050471,54.004268358281344,0.2268150503444621,0
2026-05-23 09:35:46.791568,53.21553660804977,2.6596390004849004,33.71577041842162,167.92359336208824,53.02965364583382,0.22716834481540363,0
2026-05-23 10:35:46.791568,55.73301599443381,2.702205833748791,36.59816135138926,171.03238944616385,102.59873559297282,0.22752163928634517,0
2026-05-23 11:35:46.791568,55.6809674361592,2.6102629465495446,40.66326428797703,175.40144296449355,51.16463199118695,0.22787493375728668,0
2026-05-23 12:35:46.791568,50.83378907999783,2.931361048557592,37.856107392371456,169.1321286237236,54.55307211015784,0.2282282282282282,0
2026-05-23 13:35:46.791568,56.11935837368881,2.5185431696260228,37.03291967407131,175.843338551858,52.204065527890265,0.22858152269916976,0
2026-05-23 14:35:46.791568,55.76570547178446,2.5687066552627678,38.53984594738297,171.56523662298537,52.84837591352527,0.2289348171701113,0
2026-05-23 15:35:46.791568,57.61885722610173,2.602059011076721,33.150071942735615,179.41470734577553,54.040204667612,0.2292881116410528,0
2026-05-23 16:35:46.791568,59.92247316328938,2.7596472675763293,39.85205540229616,182.7989529052906,53.83802360434062,0.22964140611199435,0
2026-05-23 17:35:46.791568,58.47505711514645,2.5247500645320393,39.49930870849511,170.4581266551235,53.746953148789,0.22999470058293586,0
2026-05-23 18:35:46.791568,55.680768575133,2.7032827735402867,39.734803424524124,173.105891530788,52.26486541628319,0.23034799505387737,0
2026-05-23 19:35:46.791568,54.00136918652667,2.71001597207962,41.3298761956421,172.31840041783624,53.234146187317215,0.23070128952481894,0
2026-05-23 20:35:46.791568,61.356275253587015,2.5834887204156214,34.91165109329347,178.5941395089361,53.90473814086856,0.23105458399576045,0
2026-05-23 21:35:46.791568,56.322390318390504,2.7395107860766275,41.66022978784498,206.66210841593528,51.21732644233921,0.23140787846670197,0
2026-05-23 22:35:46.791568,56.22547667913419,2.5412217034656224,38.7226753072602,180.55173656496598,53.10955692552551,0.23176117293764353,0
2026-05-23 23:35:46.791568,58.5320337637996,2.5272210430681823,37.232557511136974,169.3687829817058,54.87710856569685,0.23211446740858505,0
2026-05-24 00:35:46.791568,56.578932737087214,2.71211984267265,38.165946183286,176.79965190735652,51.61400154941937,0.23246776187952659,0
2026-05-24 01:35:46.791568,55.88553080755997,2.450620877899648,37.88745679622835,169.79578431619535,56.54916400977743,0.23282105635046813,0
2026-05-24 02:35:46.791568,55.01769875503973,2.3802774512074456,41.854117327023026,183.51587325493568,56.84235318126752,0.23317435082140964,0
2026-05-24 03:35:46.791568,55.061363000563055,2.7843448788904013,34.94758367029766,171.09296834903475,51.879951453626546,0.23352764529235115,0
2026-05-24 04:35:46.791568,56.07892380184217,2.864195770023362,35.874751938790915,177.1861596144401,57.15261782112589,0.2338809397632927,0
2026-05-24 05:35:46.791568,55.046226084488076,2.6392685541494747,41.25624442899569,175.84664147911604,54.217341327080234,0.23423423423423423,0
2026-05-24 06:35:46.791568,54.695329762818304,2.6115254960868075,36.34609582789976,174.85285228788211,55.408659572297495,0.23458752870517574,0
2026-05-24 07:35:46.791568,56.32113260428709,2.8650217579537998,40.82000480794133,175.45200973820775,53.645454299205795,0.2349408231761173,0
2026-05-24 08:35:46.791568,55.58487846643343,2.5448244087058742,43.20275979353469,171.72549551278894,87.51486986766287,0.23529411764705882,0
2026-05-24 09:35:46.791568,59.08869448396912,2.514621180628297,36.88545560905513,177.54682989987606,102.17783537071662,0.23564741211800033,0
2026-05-24 10:35:46.791568,50.76396437862804,2.8277527142050953,40.12166032897815,187.00769273832728,53.211827738703754,0.2360007065889419,0
2026-05-24 11:35:46.791568,58.233438208489396,2.7254513755282535,34.60357420219647,169.03338247801037,52.57685620144727,0.2363540010598834,0
2026-05-24 12:35:46.791568,58.52644566382921,2.886323752557633,40.31627488491699,185.0651776577418,52.053781280438294,0.23670729553082492,0
2026-05-24 13:35:46.791568,51.87068120347589,2.4080571272028504,38.638118336950555,185.7098854162999,55.41739565320114,0.23706059000176646,0
2026-05-24 14:35:46.791568,55.31461394029242,2.5215088263969996,39.44708124002827,173.376833131926,56.25358087337399,0.23741388447270798,0
2026-05-24 15:35:46.791568,55.238981487020034,2.7362807736394554,36.079719986990256,172.50566999260582,56.477695356852294,0.23776717894364952,0
2026-05-24 16:35:46.791568,53.14806621360824,2.799311156866937,33.02200671580898,214.48231324646883,55.006927759557556,0.23812047341459108,0
2026-05-24 17:35:46.791568,54.388040670929584,2.8662468742128384,39.50418600702946,174.26290610611082,52.99602298692247,0.2384737678855326,0
2026-05-24 18:35:46.791568,53.702470724416706,2.7679652300003994,31.793746423532795,187.99030559558858,54.01299225168251,0.2388270623564741,0
2026-05-24 19:35:46.791568,59.40748156538118,2.7689941088010768,37.021784803444504,177.9380176586324,57.74896507513283,0.23918035682741567,0
2026-05-24 20:35:46.791568,57.75299168944237,2.6884468640280765,40.787617708718315,172.87647276564635,54.5421366174877,0.2395336512983572,0
2026-05-24 21:35:46.791568,58.402821445396846,2.988062051765724,38.53035766146389,173.05816089112045,55.8653549575297,0.2398869457692987,0
2026-05-24 22:35:46.791568,57.28052012738793,2.586549949642377,43.790642318612555,182.01430776997995,53.49434467849587,0.24024024024024024,0
2026-05-24 23:35:46.791568,53.55593195314959,2.808441544418269,41.012250415165525,173.89148985797826,56.3859376860426,0.24059353471118175,0
2026-05-25 00:35:46.791568,54.74125566822157,2.6090101212433257,35.966896050979095,177.23279014042896,54.86452842124527,0.2409468291821233,0
2026-05-25 01:35:46.791568,56.744713788618796,2.839998993643467,38.002560327755894,185.64229181810447,57.94044892163385,0.24130012365306486,0
2026-05-25 02:35:46.791568,53.296791918924825,2.606838150706195,37.77089878060688,171.32126076496664,57.46126485597483,0.24165341812400637,0
2026-05-25 03:35:46.791568,57.141548410399714,2.876579492225586,33.15923402580696,178.92751321459718,54.9898634998903,0.24200671259494788,0
2026-05-25 04:35:46.791568,55.208832739113305,2.784446975239124,35.07768470698916,178.45561023663458,55.79507328782366,0.2423600070658894,0
2026-05-25 05:35:46.791568,54.913208797472116,3.031958916274505,36.21008056012888,178.6384725803927,55.01329481191663,0.24271330153683096,0
2026-05-25 06:35:46.791568,57.05757912704172,2.730749577891526,31.777549237767964,182.24471194331434,53.34378684838675,0.24306659600777247,0
2026-05-25 07:35:46.791568,56.49644359005333,2.839294570509834,38.022905199147004,178.623452661001,54.53489433186123,0.243419890478714,0
2026-05-25 08:35:46.791568,54.857698594917956,2.661255947704259,37.127790818925114,180.37163139606676,56.71333979587619,0.24377318494965552,0
2026-05-25 09:35:46.791568,57.86946794648005,2.7376827487854247,32.85127463098667,171.83691450713604,96.97690951319967,0.24412647942059704,0
2026-05-25 10:35:46.791568,53.35932990705662,2.7993989690447467,39.0779142348708,174.41889121658352,56.74825284657762,0.24447977389153863,0
2026-05-25 11:35:46.791568,56.72345424728077,2.557130907108276,40.008583383235234,179.0045812268984,55.91481688095396,0.24483306836248014,0
2026-05-25 12:35:46.791568,56.64739779097299,2.5762551177106507,38.538129171168165,190.11953070188176,58.45154214979208,0.24518636283342166,0
2026-05-25 13:35:46.791568,54.81120801180297,2.881569841675914,36.88125372424807,176.452224497489,56.77961869695088,0.24553965730436317,0
2026-05-25 14:35:46.791568,56.0511736074657,2.772377550792787,39.62458999021251,173.8853374469981,58.12616849349978,0.2458929517753047,0
2026-05-25 15:35:46.791568,55.45975836885293,2.7080585712690795,39.88810349639387,176.5644990207791,53.239236522381745,0.24624624624624625,0
2026-05-25 16:35:46.791568,57.1827092450888,2.68916391213879,38.7672064094205,182.5608860518146,49.00911223302899,0.2465995407171878,0
2026-05-25 17:35:46.791568,54.93200766155028,2.697660078948535,35.369087435101065,177.92501776782416,85.27895589088159,0.2469528351881293,0
2026-05-25 18:35:46.791568,54.2230551890585,2.822044795626862,38.671030950642574,181.45029405420365,54.138633327780475,0.2473061296590708,0
2026-05-25 19:35:46.791568,57.3327496110639,2.8746535483313775,41.426351821689565,173.88604574826482,56.63038717927623,0.24765942413001232,0
2026-05-25 20:35:46.791568,53.79182247965016,2.4968252136629214,36.04908140682,178.88504801271398,56.518222452132036,0.24801271860095392,0
2026-05-25 21:35:46.791568,52.34892295122169,3.025316643334256,44.13222354783717,171.6053581219639,60.36434368849121,0.24836601307189543,0
2026-05-25 22:35:46.791568,57.396089961896855,3.0174039510391957,36.261328631653804,181.59733854971174,58.05666153902623,0.24871930754283694,0
2026-05-25 23:35:46.791568,56.30724094711047,3.449422125434643,37.93563803823808,184.68724167397627,57.655512436215254,0.24907260201377848,0
2026-05-26 00:35:46.791568,52.49841892155282,2.9845734682270737,35.82153612727786,175.3864258991706,59.06490264136414,0.24942589648472,0
2026-05-26 01:35:46.791568,58.53251308159317,2.9827455298139265,38.50976236859647,170.32457456940915,58.19504145525377,0.24977919095566156,0
2026-05-26 02:35:46.791568,50.822312048984664,2.827314655518526,32.614623417843916,187.1812529957456,56.609818245077726,0.2501324854266031,0
2026-05-26 03:35:46.791568,58.341937415044754,2.635464513526999,36.20488406940588,177.58078420986524,59.7352500410426,0.2504857798975446,0
2026-05-26 04:35:46.791568,55.33352976578177,2.985122796824072,34.56874980080173,190.4403578963219,55.43992387423582,0.2508390743684861,0
2026-05-26 05:35:46.791568,54.6801638330671,2.799459454443745,38.253615962944494,180.08897475624644,58.373044454558375,0.25119236883942764,0
2026-05-26 06:35:46.791568,53.745480973785035,2.9207881810339495,40.83381474501358,182.54674875586176,54.698536440697524,0.2515456633103692,0
2026-05-26 07:35:46.791568,55.594963182442775,3.174155447304085,39.79174764602183,183.57074161193788,58.26868969348103,0.2518989577813107,0
2026-05-26 08:35:46.791568,54.68244497807454,2.8818762858561544,30.742392805217545,176.02632494526782,58.31390721147378,0.25225225225225223,0
2026-05-26 09:35:46.791568,56.92500216122506,2.709400153203699,43.9876075413284,181.68967638322647,61.34796380123613,0.25260554672319374,0
2026-05-26 10:35:46.791568,54.90720730980321,2.799411810127328,38.75165253023729,179.3847248301222,54.932232040002134,0.25295884119413525,0
2026-05-26 11:35:46.791568,54.939387819924804,2.7341997277166112,35.54111636796368,176.3376007966914,56.927531424656976,0.2533121356650769,0
2026-05-26 12:35:46.791568,53.871279945389055,2.9204914825428494,38.34718609157335,186.27343976712302,59.84179657899178,0.2536654301360184,0
2026-05-26 13:35:46.791568,54.4440301519437,2.7374157553989322,38.409948304881,181.3564377595618,58.934192188116995,0.2540187246069599,0
2026-05-26 14:35:46.791568,55.132648139901875,2.790262361114613,35.88679762508334,183.64679680088534,58.69129372747627,0.2543720190779014,0
2026-05-26 15:35:46.791568,51.055546455600314,2.67139597392046,38.487447615134684,174.20267664010967,56.48553816836307,0.2547253135488429,0
2026-05-26 16:35:46.791568,51.73807577948888,2.8471241541516283,36.078023933452144,189.41741275119304,57.283298827576196,0.2550786080197845,0
2026-05-26 17:35:46.791568,55.8792722900036,2.896333266619154,36.69448777950909,185.33753575744223,61.02214348968445,0.255431902490726,0
2026-05-26 18:35:46.791568,54.6925159454967,2.469990798951931,35.85625950625023,187.95594246337362,58.49616903520897,0.2557851969616675,0
2026-05-26 19:35:46.791568,53.94061228698385,2.9145400619386432,33.62499679607677,180.37710021341934,59.41703276448467,0.25613849143260903,0
2026-05-26 20:35:46.791568,54.30300311266943,2.871650025148828,38.368824809288746,175.53974469578438,58.50306266412166,0.2564917859035506,0
2026-05-26 21:35:46.791568,54.918626851343326,2.766663256646315,39.69590979336164,190.7521051798921,56.43439424065398,0.25684508037449216,0
2026-05-26 22:35:46.791568,53.101053728235996,3.1886192800012014,39.49375006381061,182.7352931848395,60.735312072782385,0.2571983748454337,0
2026-05-26 23:35:46.791568,52.58086432193977,3.0310151619202808,40.41835487113569,180.69220809283757,59.94128193917628,0.2575516693163752,0
2026-05-27 00:35:46.791568,54.485865617049875,2.7257078456185306,38.941471950575234,181.14773458873395,63.61321679432455,0.2579049637873167,0
2026-05-27 01:35:46.791568,52.09394118206326,3.018834025471476,36.3805397110841,193.35665354953076,57.03790630976797,0.2582582582582582,0
2026-05-27 02:35:46.791568,54.82352385161438,3.082709163625018,40.50836565485416,182.72615806838442,60.78134086094892,0.2586115527291998,0
2026-05-27 03:35:46.791568,50.55801241166519,2.9187791770226252,33.92787254565541,185.8760522140607,56.580233035952844,0.2589648472001413,0
2026-05-27 04:35:46.791568,55.97749158337076,2.9561395019083574,35.30985563067658,189.36272997221175,59.585140052851884,0.2593181416710828,0
2026-05-27 05:35:46.791568,54.820225127717194,2.95562786865393,35.13110793244044,178.43125027687861,61.290586045110956,0.25967143614202437,0
2026-05-27 06:35:46.791568,54.34279843211962,2.5949616193073357,41.27610867856286,180.32845323585988,55.26042858427056,0.26002473061296594,0
2026-05-27 07:35:46.791568,55.75169848156748,2.882767087782712,40.876932598828695,190.738114140415,59.0619598174592,0.26037802508390745,0
2026-05-27 08:35:46.791568,57.072721526292206,2.877929471754658,39.52350372293244,172.01622057645858,58.41253124733606,0.26073131955484896,0
2026-05-27 09:35:46.791568,55.72585730773513,3.1312638973922744,41.290793146642486,184.05091979548524,58.20216206830995,0.2610846140257905,0
2026-05-27 10:35:46.791568,49.97061153279946,2.9697791095460118,35.45096549488795,182.37644811554827,60.44362791889779,0.261437908496732,0
2026-05-27 11:35:46.791568,51.048357034073476,2.878062828778971,39.148804397202056,181.84436808099818,61.98169997670316,0.26179120296767355,0
2026-05-27 12:35:46.791568,52.3129428299726,2.9121754103519777,37.74209598919299,186.59524409965073,59.54089708287855,0.26214449743861507,0
2026-05-27 13:35:46.791568,53.56975905372784,3.082196652414318,40.67326098517177,179.92751643007574,60.28555331793579,0.2624977919095566,0
2026-05-27 14:35:46.791568,54.50782982809626,2.9040007941760537,37.80233264307762,182.29999118549227,60.170323918413146,0.26285108638049814,0
2026-05-27 15:35:46.791568,51.97590678623034,2.8299637661878387,37.00896270071944,179.54332375983054,60.01243937448636,0.26320438085143966,0
2026-05-27 16:35:46.791568,53.75576829227677,2.896347232490434,39.80269837916276,198.0966023424666,57.89727303582822,0.2635576753223812,0
2026-05-27 17:35:46.791568,51.82627691537509,3.081821249482312,40.82505727357235,192.78870585496256,62.35997346417711,0.26391096979332274,0
2026-05-27 18:35:46.791568,52.068792802514515,3.0181605694741696,36.20848666999533,175.965001211163,60.80060094652788,0.26426426426426425,0
2026-05-27 19:35:46.791568,50.43327940410253,2.953399712280095,38.04766328441718,193.59110815914661,61.06709913969425,0.26461755873520576,0
2026-05-27 20:35:46.791568,51.35490580695608,2.9785187080622872,35.073332014625265,184.0489289741005,58.731442851116824,0.2649708532061473,0
2026-05-27 21:35:46.791568,50.45278125299063,2.8688592901438965,30.772630049372687,189.21851227738267,59.493147262668394,0.26532414767708884,0
2026-05-27 22:35:46.791568,51.15919953738777,2.9267655869117726,38.886746732059706,182.8739459657443,60.12644561270421,0.26567744214803035,0
2026-05-27 23:35:46.791568,55.17305257740274,2.8594041084978707,40.1310341570086,184.84326066823334,57.47759057070696,0.2660307366189719,0
2026-05-28 00:35:46.791568,51.121831452415734,2.917728983779624,39.1098642295382,195.59704517484167,57.236897256688195,0.26638403108991343,0
2026-05-28 01:35:46.791568,58.2403008481146,3.1669230310415815,32.49471976015984,185.9552058850471,59.4785959952853,0.26673732556085494,0
2026-05-28 02:35:46.791568,53.91713718097406,2.8063701654723348,37.31099304931359,181.24242893410403,61.792259338926115,0.2670906200317965,0
2026-05-28 03:35:46.791568,53.25520538068514,2.867802098363049,31.729029702710967,178.98360552429293,59.50806897566034,0.267443914502738,0
2026-05-28 04:35:46.791568,51.12392633060905,2.786027830023957,42.51410305294131,181.99747563137237,58.84385930981769,0.26779720897367953,0
2026-05-28 05:35:46.791568,54.196457309156756,2.7566032912084264,35.16815770549533,179.47441463075026,59.31922434800267,0.2681505034446211,0
2026-05-28 06:35:46.791568,51.59985434326967,2.9522947310322856,42.21424883219521,185.5605815477813,60.10503675766627,0.2685037979155626,0
2026-05-28 07:35:46.791568,52.95054872551522,2.8907439558658887,41.307758156649314,183.91495096993617,60.37512962779557,0.2688570923865041,0
2026-05-28 08:35:46.791568,57.78221378047214,3.2507173225577213,35.79088388369376,183.3706706202261,65.4810164073278,0.2692103868574457,0
2026-05-28 09:35:46.791568,52.42556685314921,2.9471194185591316,35.11720010563058,190.4252176080689,63.3263407093682,0.2695636813283872,0
2026-05-28 10:35:46.791568,54.872011408520336,3.1860420478974665,39.589959722057074,195.36454912278293,63.333773626435914,0.2699169757993287,0
2026-05-28 11:35:46.791568,53.780926238227266,3.1409232401725307,40.12826858758172,182.58943398465158,63.68851207989812,0.2702702702702703,0
2026-05-28 12:35:46.791568,52.415491591378824,2.9674724608476826,38.89407260598243,186.56384846138903,59.42083556216214,0.2706235647412118,0
2026-05-28 13:35:46.791568,55.98331507027089,3.318432732998626,37.16261090813267,203.14122659201036,59.04087402033465,0.2709768592121533,0
2026-05-28 14:35:46.791568,51.144200088757955,3.045292732975343,33.292486549354166,190.2306352711126,59.33898861671991,0.2713301536830949,0
2026-05-28 15:35:46.791568,55.97963659492643,3.235067623113752,31.96981867378031,183.90091692105443,64.28886741594259,0.2716834481540364,0
2026-05-28 16:35:46.791568,53.72704315501561,3.2207126548838283,39.36692894075884,180.6521748573429,60.592597520980824,0.2720367426249779,0
2026-05-28 17:35:46.791568,51.14360969858853,3.076530427130228,37.02824863010977,193.16363904089275,59.25139468374612,0.27239003709591947,0
2026-05-28 18:35:46.791568,53.49057645408423,3.130116115320543,37.08008997036281,192.61029332663435,60.959240597263964,0.272743331566861,0
2026-05-28 19:35:46.791568,54.12831092454718,3.114173539781685,40.85378002153712,186.42893802174393,89.91250729888525,0.2730966260378025,0
2026-05-28 20:35:46.791568,53.384495851837684,2.852042962492791,42.31373558593276,187.7764603228775,62.4923114440505,0.27344992050874406,0
2026-05-28 21:35:46.791568,48.95834273474182,3.035398019863127,38.00338563436725,190.06111420712267,62.52451288756435,0.27380321497968557,0
2026-05-28 22:35:46.791568,50.60268586887743,3.191066710310266,37.827225117327814,188.20865398918792,60.43337566787213,0.2741565094506271,0
2026-05-28 23:35:46.791568,51.520352208347084,3.261985529346032,40.377841765298,177.77453797465768,63.528175530125466,0.27450980392156865,0
2026-05-29 00:35:46.791568,51.82522246579372,2.928092314210595,34.83538694873069,186.5294617177175,60.94560162707661,0.27486309839251016,0
2026-05-29 01:35:46.791568,53.17441327914785,3.1186462986968144,39.6048229381894,196.42622324324043,61.97856197064573,0.2752163928634517,0
2026-05-29 02:35:46.791568,52.24774004707233,3.065088057286632,40.620580474650524,185.47194037319545,63.73178873454141,0.2755696873343932,0
2026-05-29 03:35:46.791568,49.18121672988959,3.027914848907114,41.035560168297856,190.08292995548456,61.14172373512492,0.27592298180533475,0
2026-05-29 04:35:46.791568,52.572176184986716,3.1021372254734008,33.214946132167796,183.75385541601077,111.14393716780907,0.27627627627627627,0
2026-05-29 05:35:46.791568,52.993143786708586,3.084579681920173,36.77186033845721,189.33501150783056,63.74295454135765,0.27662957074721783,0
2026-05-29 06:35:46.791568,52.852070876487375,3.1362367389335373,36.452244992693274,189.935301912314,60.91127803824023,0.27698286521815935,0
2026-05-29 07:35:46.791568,53.854904029792316,3.2744308721774127,39.41819038093733,184.19293184847325,61.924286293721025,0.27733615968910086,0
2026-05-29 08:35:46.791568,53.32238338867455,3.1789423991308783,40.59264363974604,194.86150766364074,63.87248064649384,0.2776894541600424,0
2026-05-29 09:35:46.791568,52.534448576610664,3.1110639265071054,43.6728065593648,193.39063640726076,66.9363071227589,0.27804274863098394,0
2026-05-29 10:35:46.791568,51.43766805051568,3.347322974553305,37.73042880879408,188.52398482958276,64.10605719889134,0.27839604310192545,0
2026-05-29 11:35:46.791568,48.21835920016733,4.029548629977563,37.755641551354216,191.5187220083529,63.90765366482475,0.27874933757286696,0
2026-05-29 12:35:46.791568,52.36217840087349,3.0600831153646837,42.730792174853754,192.8642095361534,64.09110325566907,0.2791026320438085,0
2026-05-29 13:35:46.791568,51.881366237125704,2.894534359530092,40.20530665817488,193.7815333823965,60.95024548966841,0.27945592651475004,0
2026-05-29 14:35:46.791568,51.972594083909755,2.9320890615728246,43.15271211468699,178.37623784575362,63.394945464641225,0.2798092209856916,0
2026-05-29 15:35:46.791568,48.83979003011202,3.2234114053997938,40.25050468949483,192.8988163471624,63.17134496008749,0.2801625154566331,0
2026-05-29 16:35:46.791568,49.1954386135516,3.558526847678841,35.94791461601571,188.74862898803804,63.941172966984695,0.28051580992757463,0
2026-05-29 17:35:46.791568,53.428544103433715,2.938548558481533,35.45520320834589,191.57853138290633,63.59814594066981,0.28086910439851615,0
2026-05-29 18:35:46.791568,51.20824536383899,2.979211398657769,34.835754636313396,206.48153782527567,64.19165514003119,0.2812223988694577,0
2026-05-29 19:35:46.791568,52.61591322793824,2.992985199399092,41.5125285953125,194.75224922543023,62.87644734487745,0.2815756933403992,0
2026-05-29 20:35:46.791568,51.27555187897852,3.2268599005434604,43.12862313605377,190.94793868464214,63.68372551889833,0.28192898781134074,0
2026-05-29 21:35:46.791568,51.24488600539641,3.0789225233016415,45.1477557914415,184.177029621047,61.177976501519645,0.28228228228228225,0
2026-05-29 22:35:46.791568,53.0288633464437,2.8997498334144898,42.166198431082776,201.92386805494394,63.06094502710668,0.28263557675322376,0
2026-05-29 23:35:46.791568,50.08759972345579,3.113435975634778,43.16298682660893,186.40555173672254,66.54955262894471,0.2829888712241654,0
2026-05-30 00:35:46.791568,51.279803570801405,3.145293331151933,37.972385560855656,185.78769441255065,64.47262816132682,0.2833421656951069,0
2026-05-30 01:35:46.791568,50.13137154663331,3.0432279291330158,36.281524575355036,195.3318367181933,63.86029535678305,0.2836954601660484,0
2026-05-30 02:35:46.791568,50.15578484776295,3.2916870686085593,42.33972067380712,203.2681757498476,67.76150993353679,0.2840487546369899,0
2026-05-30 03:35:46.791568,50.375791028765825,3.0583400450119456,41.0816079359171,196.25458578874432,61.31471937390482,0.2844020491079315,0
2026-05-30 04:35:46.791568,51.408271230012396,3.290908750571043,40.19035330929195,192.4781821341414,61.88460416909343,0.284755343578873,0
2026-05-30 05:35:46.791568,49.97689285513571,3.2173533055109598,41.06995977771818,196.87987883401567,67.59606405201731,0.2851086380498145,0
2026-05-30 06:35:46.791568,53.41681424275051,3.2700050003639967,40.91759669861534,189.4668678788957,64.32968905104151,0.285461932520756,0
2026-05-30 07:35:46.791568,49.087532159329925,2.969410251478726,43.84005462085952,192.28460352291285,63.81972705584295,0.28581522699169754,0
2026-05-30 08:35:46.791568,50.4749884399215,3.152118450851098,43.91449255461773,195.13669646384207,61.973610427710156,0.28616852146263916,0
2026-05-30 09:35:46.791568,49.941801996292696,3.1326270297488374,41.70349566448329,198.16176285744376,65.33453756017036,0.28652181593358067,0
2026-05-30 10:35:46.791568,53.68830682746143,2.930429747059951,42.64990814597177,242.41887489747586,65.59519071591414,0.2868751104045222,0
2026-05-30 11:35:46.791568,51.16110917245365,3.312669440417799,41.696717270518874,194.23635552158737,62.3844082046683,0.2872284048754637,0
2026-05-30 12:35:46.791568,52.80590583839229,3.0274798341179627,38.81341470241366,188.32827450235558,64.35997170471614,0.2875816993464052,0
2026-05-30 13:35:46.791568,52.798971807670696,3.0618343872769938,42.50937543060507,197.87744891166858,64.03661716122974,0.2879349938173468,0
2026-05-30 14:35:46.791568,51.22648471671084,3.0044516570646898,39.614052117108336,195.1760796186572,65.28672906761233,0.2882882882882883,0
2026-05-30 15:35:46.791568,52.44760953671859,3.2648062525130874,43.48795675892878,188.10761392081156,62.60340023981237,0.2886415827592298,0
2026-05-30 16:35:46.791568,50.80947521175108,2.9339178398590025,36.78655444341499,194.9486794145433,67.41292158275886,0.2889948772301713,0
2026-05-30 17:35:46.791568,52.75302930231476,3.2586671571092185,41.27173344961387,193.2574186276744,66.80780018640664,0.2893481717011128,0
2026-05-30 18:35:46.791568,49.56526141099053,3.3258412419960117,37.9234201566339,196.82233544277935,64.31692745522473,0.28970146617205444,0
2026-05-30 19:35:46.791568,53.39691770308894,3.252918605191398,42.163964476139896,193.45746822516276,64.6775670988925,0.29005476064299596,0
2026-05-30 20:35:46.791568,55.15502454922695,3.2824132228479153,40.44729331849,188.434562219621,64.90468617109288,0.29040805511393747,0
2026-05-30 21:35:46.791568,49.811183745094475,3.2926273643930646,35.81042747344368,227.20737063039377,63.688039315114,0.290761349584879,0
2026-05-30 22:35:46.791568,49.626121489620445,3.039457445285634,41.90277436886362,193.94078300031478,64.42492353413583,0.2911146440558205,0
2026-05-30 23:35:46.791568,53.4048001731422,3.4002562203947013,38.95324592931642,198.7105495605209,64.83836758473556,0.29146793852676206,0
2026-05-31 00:35:46.791568,53.63872503335255,3.119208515421401,43.37713272835999,203.71116846317415,68.67177101097793,0.2918212329977036,0
2026-05-31 01:35:46.791568,49.416060761500304,3.1814348140571003,40.78470431238928,200.34560365898355,67.40639683570343,0.2921745274686451,0
2026-05-31 02:35:46.791568,49.60426341795874,3.144669307250247,42.01437409497915,194.9860732330067,67.44959558319471,0.2925278219395866,0
2026-05-31 03:35:46.791568,49.864585740874276,3.271467038678414,38.00313620314923,190.41786128483494,66.38726334400913,0.29288111641052816,0
2026-05-31 04:35:46.791568,47.7234389160515,3.120199738933263,39.15592515066412,192.68400614237828,63.479884049616786,0.29323441088146973,0
2026-05-31 05:35:46.791568,48.55989339518544,3.2141110002839794,39.59643035766602,219.11238480039668,65.69868180780337,0.29358770535241124,0
2026-05-31 06:35:46.791568,48.37445066623384,3.0219390187853437,48.131252790713965,204.98356151785194,108.52618861022515,0.29394099982335276,0
2026-05-31 07:35:46.791568,48.833354626496465,3.385105877890099,46.102358423532536,194.55082784736908,63.39938665718134,0.29429429429429427,0
2026-05-31 08:35:46.791568,50.28648516009916,3.3141812214103994,38.704165903640856,189.2011569893854,67.25614827914133,0.2946475887652358,0
2026-05-31 09:35:46.791568,50.81188206633287,3.1728934978947114,44.40002028722503,205.09143415498588,70.69538626539924,0.29500088323617735,0
2026-05-31 10:35:46.791568,53.43274849894108,3.1495208122329283,34.71057771910958,197.85480430808423,68.24092705633204,0.29535417770711886,0
2026-05-31 11:35:46.791568,48.32403623667759,3.3197463522983175,37.68751402829303,196.9455043966437,69.01247798495545,0.29570747217806037,0
2026-05-31 12:35:46.791568,52.27909234880393,3.120115223120029,38.44455596476175,191.14276642896013,66.68822316419468,0.29606076664900194,0
2026-05-31 13:35:46.791568,49.87288395023608,3.2481692309260564,37.31450989811682,199.55233582743253,68.25453551031923,0.29641406111994345,0
2026-05-31 14:35:46.791568,50.19306347116994,3.406727465774307,36.672749637181,190.84474775512342,64.95009113356008,0.296767355590885,0
2026-05-31 15:35:46.791568,51.63347849019871,3.11398022695712,42.71432325245245,189.49400245231155,68.04465113642948,0.29712065006182653,0
2026-05-31 16:35:46.791568,48.030967526562776,3.29410792180173,40.88526665097664,194.2550418195668,67.82882572934746,0.29747394453276804,0
2026-05-31 17:35:46.791568,51.03453054466704,3.2893233679416225,42.71815931984387,196.86192991321363,67.16699775878014,0.29782723900370955,0
2026-05-31 18:35:46.791568,50.596646225386856,3.230508535915187,43.70416334606978,195.27140946427048,69.28631619962071,0.2981805334746511,0
2026-05-31 19:35:46.791568,51.2434101072417,3.17268272480727,42.48272581576359,189.60693219213536,65.64385763396783,0.29853382794559263,0
2026-05-31 20:35:46.791568,50.832349274161515,3.4336103701795575,43.71261989820695,201.8634962207827,66.41443822619415,0.29888712241653415,0
2026-05-31 21:35:46.791568,55.16085881652398,3.1648926337112404,41.58451361371792,204.43536622001037,67.04660329133698,0.2992404168874757,0
2026-05-31 22:35:46.791568,48.97177065074397,2.9858566023197355,38.2862335507663,189.4358430306992,64.86358321592047,0.2995937113584172,0
2026-05-31 23:35:46.791568,49.182997594963744,3.3568742984867725,45.07508120052289,197.22972024667888,67.44379499517865,0.29994700582935874,0
2026-06-01 00:35:46.791568,48.99714069246497,3.0837190521691724,40.18898484603817,196.53080447414376,63.61895834713364,0.30029904827916487,0
2026-06-01 01:35:46.791568,49.147109174038945,3.3729780823315805,39.21999015009918,205.94004200445963,69.27635076981664,0.300960219478738,0
2026-06-01 02:35:46.791568,49.00942078630963,3.476212324871005,41.57453257800104,196.67414627409605,67.44212078333346,0.301836031843166,0
2026-06-01 03:35:46.791568,52.69766473387915,3.3784134554231326,39.460220718123765,197.68953030908523,66.50593294971593,0.302882730302755,0
2026-06-01 04:35:46.791568,53.204164673130684,3.4536591649746327,41.044368406542326,198.08365902919985,66.1056773537237,0.3040759188332313,0
2026-06-01 05:35:46.791568,49.27246940706062,3.605860339068492,43.43365556688595,204.9271289286576,67.55673081322514,0.30539941511822905,0
2026-06-01 06:35:46.791568,48.80675243916728,3.458599160805107,43.55759194322316,195.1279371802622,69.67639677430861,0.3068414597513883,0
2026-06-01 07:35:46.791568,51.47804191095531,3.374666412813974,39.93593411987817,200.58248587483337,85.52571848176848,0.3083930034997993,0
2026-06-01 08:35:46.791568,49.50039749344349,3.5823803484121868,41.28858667126876,205.27869405895765,67.49781640530492,0.3100468015782202,0
2026-06-01 09:35:46.791568,51.94592907907905,3.613382699696508,46.10210102737904,209.259024706182,77.43691406693299,0.31179688280111123,0
2026-06-01 10:35:46.791568,51.166472749736705,3.6289956102163448,44.50056914484678,213.02355095623435,70.90505822540291,0.31363821480401904,0
2026-06-01 11:35:46.791568,47.81482513421562,3.3039767256880173,49.37348082201901,203.75283235478423,68.51293657198683,0.3155664809537731,0
2026-06-01 12:35:46.791568,54.03194970650186,3.785955938708105,46.83004786355279,210.1114907871684,70.4596253247936,0.3175779251401821,0
2026-06-01 13:35:46.791568,54.624096077962015,3.3247687201177962,46.86821392929878,201.20464513698914,70.98466488211099,0.31966923998453917,0
2026-06-01 14:35:46.791568,49.906794642187805,3.5290807815259244,39.421545495556316,213.52418516253746,71.77324622136715,0.3218374839890193,0
2026-06-01 15:35:46.791568,54.40228724410379,3.4637115019980396,46.03056010405034,206.59294861560932,73.2917444036,0.32408001864861186,0
2026-06-01 16:35:46.791568,51.91754517077473,3.425667998400347,43.73737716419102,207.1004722642365,69.48902147586918,0.32639445973475695,0
2026-06-01 17:35:46.791568,52.12791369428385,3.557998953601729,42.40525121756718,215.5061130168672,68.64562273859923,0.32877863889010633,0
2026-06-01 18:35:46.791568,52.893450090785734,3.271062733527428,44.72742141316383,207.82099829428995,71.79891428601067,0.33123057288667046,0
2026-06-01 19:35:46.791568,55.718217436702105,3.5310729612479173,47.22777562692318,204.54693847071374,77.01526016604475,0.3337484386862125,0
2026-06-01 20:35:46.791568,51.469362637939135,3.6963257449739126,46.066902433718184,210.8534314340197,77.94715326375093,0.3363305529661904,0
2026-06-01 21:35:46.791568,50.356035806581396,3.6300484396273873,42.10467416336667,215.90815105048992,78.06767174635884,0.338975355132774,0
2026-06-01 22:35:46.791568,49.327217360282056,3.670940785262603,47.14650716057229,217.1488949302345,74.53350195204321,0.3416813930924452,0
2026-06-01 23:35:46.791568,50.76100612285878,3.8267081108801793,43.18868008103822,213.4928927655099,71.88075897002057,0.34444731123152744,0
2026-06-02 00:35:46.791568,52.2973442441931,3.5975192823401034,45.9370165771115,227.3082739168015,71.29557143121431,0.3472718401816736,0
2026-06-02 01:35:46.791568,56.09710798823038,3.5302128942571067,44.56559240895803,210.49477986505022,116.87632874372397,0.3501537880439254,0
2026-06-02 02:35:46.791568,51.620769671298866,3.827729126850291,45.010812261992605,219.35626953406683,76.6913389744493,0.3530920328144632,0
2026-06-02 03:35:46.791568,53.25512101138717,3.8464770670447828,48.160946654133575,245.20230405027243,80.25749880570517,0.35608551580838554,0
2026-06-02 04:35:46.791568,52.92975463264472,4.493796495358482,42.93942974669625,218.8329109289924,79.97092574360586,0.3591332359185314,0
2026-06-02 05:35:46.791568,55.497896915593266,3.6908851974720998,52.09632654688082,221.0086259345559,79.27931662775698,0.36223424457775655,0
2026-06-02 06:35:46.791568,58.336894220761266,3.737759480591977,41.00110394444217,224.4503944569904,77.64396230845486,0.3653876413175639,0
2026-06-02 07:35:46.791568,52.38657639243055,4.356046357356073,44.8778257083726,216.47992339166188,78.11102915221329,0.3685925698352793,0
2026-06-02 08:35:46.791568,52.638043612575025,3.9507790240041984,47.990734201279,224.01421274065345,81.15941612862152,0.371848214497256,0
2026-06-02 09:35:46.791568,55.87713697500373,3.9691462678356744,48.845073228374915,226.60288255657116,82.67332342907174,0.37515379721785413,0
2026-06-02 10:35:46.791568,55.32773687416918,3.6347467526356083,47.00545917317683,219.74021155181214,82.70039171061558,0.37850857466381266,0
2026-06-02 11:35:46.791568,64.17939975043338,3.985978589831923,47.3521558253859,226.98285300730169,80.49405287169985,0.3819118357416482,0
2026-06-02 12:35:46.791568,55.491679938448506,3.9411128172307976,48.9760698573787,228.8906153053726,84.52028613071647,0.3853628993322753,0
2026-06-02 13:35:46.791568,53.789900955280956,3.7521897810407707,47.27391836337389,226.47072961288512,100.00626880414356,0.38886111224241743,0
2026-06-02 14:35:46.791568,55.87756326366588,3.7498942728799123,52.37196004428162,229.58155841678862,82.41577818352039,0.392405847346846,0
2026-06-02 15:35:46.791568,57.10450432151171,4.012442486570356,57.62102683107593,229.9004409259472,83.67069342024381,0.3959965018991806,0
2026-06-02 16:35:46.791568,56.72194938838776,3.922698730875019,51.26908809335261,228.99454941272091,87.30716618761804,0.39963249599207845,0
2026-06-02 17:35:46.791568,56.29243542498863,4.281590207332568,45.984993414444794,237.85090340632178,115.1946265065297,0.40331327115024934,0
2026-06-02 18:35:46.791568,57.61112459790113,5.194237298083737,48.88060749949622,227.68535431102202,117.03161105464618,0.40703828904191,0
2026-06-02 19:35:46.791568,65.66556744855211,4.133046737190593,48.45511684948391,235.84001272127222,89.05559430840023,0.4108070302961636,0
2026-06-02 20:35:46.791568,58.65071373666251,4.167598689040901,46.57985820103318,249.99431138810883,87.80434637254062,0.414618993415364,0
2026-06-02 21:35:46.791568,57.392494222246086,4.316204085859394,50.91968203053871,234.298632521003,89.48959061606371,0.4184736937728714,0
2026-06-02 22:35:46.791568,55.97239442757191,4.271278642855285,48.471133470415076,232.79734453494868,90.37719269595283,0.4223706626877758,0
2026-06-02 23:35:46.791568,56.81446622770051,4.247279322348777,52.29749295409855,247.93604567485545,89.5420142216536,0.4263094465691422,0
2026-06-03 00:35:46.791568,59.151292451185675,4.053571972441279,47.370222999101195,235.50153685411394,89.92984876705427,0.430289606123208,0
2026-06-03 01:35:46.791568,55.32444206549461,4.688480303731987,55.98971796740237,245.1933263826271,93.92181575498184,0.4343107156176992,0
2026-06-03 02:35:46.791568,57.91847849404752,4.092565316435068,48.397656162064955,257.3741334380106,94.98129541171889,0.43837236219807735,0
2026-06-03 03:35:46.791568,56.62002914654262,4.240290281013497,52.00085667915285,239.25050674465334,95.27765053681587,0.442474145251105,0
2026-06-03 04:35:46.791568,57.69250504835034,4.0683631133248745,53.97703917532354,236.5646655870139,97.88761459284987,0.44661567581159084,0
2026-06-03 05:35:46.791568,60.422939242310136,4.42706173268355,50.15024664888388,246.65487343135482,94.56780296961574,0.450796576008626,0
2026-06-03 06:35:46.791568,63.709642556255545,4.398844583000556,54.68245527551413,254.69573524207317,99.80167245626095,0.4550164785479931,0
2026-06-03 07:35:46.791568,58.428996313092014,4.52116928072803,48.702534755370436,260.11811717288134,95.46041274616651,0.4592750262277622,0
2026-06-03 08:35:46.791568,55.85543597699554,4.175979059277674,57.01361020823667,257.35509571870165,96.05328445529784,0.4635718714843938,0
2026-06-03 09:35:46.791568,60.30930678789931,4.634494701637926,52.96899283830672,258.4268682546792,142.68754929898964,0.46790667596691443,0
2026-06-03 10:35:46.791568,60.35202535117076,4.377419976766737,51.40869656746025,266.62951888659785,98.84144029837177,0.47227911013697577,0
2026-06-03 11:35:46.791568,63.63440959333836,4.507415119069855,52.573850894984304,269.57388922423524,99.56343737597471,0.47668885289280855,0
2026-06-03 12:35:46.791568,66.65278408754483,4.700984123393336,56.1736813676481,262.84328807389164,102.46763689140924,0.48113559121526284,0
2026-06-03 13:35:46.791568,60.24756558138785,4.632170692162014,52.27112958985058,249.71781760674614,102.7553956517583,0.48561901983430217,0
2026-06-03 14:35:46.791568,60.562515079882054,4.674751904440755,52.05602185763819,257.03516333042484,100.74043303170654,0.49013884091444637,0
2026-06-03 15:35:46.791568,63.47564518379428,4.777062653219145,53.92109549273107,262.1146736144829,103.20655263713196,0.4946947637578084,0
2026-06-03 16:35:46.791568,60.38962778523423,4.753973164730745,51.33842388502526,265.94360867580133,104.12151181728545,0.49928650452347806,0
2026-06-03 17:35:46.791568,61.40021284882049,4.671198548917334,60.616525464017656,292.52913850082217,102.1916548388769,0.5039137859621089,0
2026-06-03 18:35:46.791568,62.322366100367525,4.730344000280763,53.74325637217968,274.80011227048925,104.66761060726162,0.5085763371646755,0
2026-06-03 19:35:46.791568,61.746628758255866,4.820283361892588,58.22678440576805,274.1584749334964,105.98041247041385,0.5132738933244317,0
2026-06-03 20:35:46.791568,60.749796857792276,5.614063226905262,56.65177058836685,273.28393630048845,111.28842718676944,0.5180061955111976,0
2026-06-03 21:35:46.791568,68.42799494690912,5.004982455204746,53.363102033391954,284.25283852399014,109.70976961877638,0.5227729904571667,0
2026-06-03 22:35:46.791568,64.33561202386751,4.932768024674985,56.594086895571635,279.1795603626018,111.56340327505659,0.527574030353482,0
2026-06-03 23:35:46.791568,60.411713622444665,4.934805452861404,59.261094879947315,279.65044490290677,108.16045281051352,0.532409072656905,0
2026-06-04 00:35:46.791568,63.00942506307349,5.671172496132362,56.64331267209808,285.4467961374439,114.47122614815497,0.5372778799059315,0
2026-06-04 01:35:46.791568,69.25979107125882,4.974494169214367,61.08830644085583,282.59634738354765,132.03875827027264,0.5421802195457771,0
2026-06-04 02:35:46.791568,65.69803062923026,4.9999478528535715,60.876231901981114,295.27143155866514,109.95532418043105,0.5471158637616858,0
2026-06-04 03:35:46.791568,60.547239692660156,4.989640093799856,60.8729822279733,278.41443559172467,113.48543852297946,0.5520845893200588,0
2026-06-04 04:35:46.791568,62.76372365674183,5.149039896329226,57.043639947586975,283.3235079617631,116.83790485525053,0.5570861774169448,0
2026-06-04 05:35:46.791568,64.92620594994352,5.1793132702373255,55.49126322875894,286.0185369906955,118.09165547843168,0.562120413533449,0
2026-06-04 06:35:46.791568,67.59528949543454,5.0687879765637485,57.200003018661974,291.66451847148653,116.40855712558223,0.5671870872976668,0
2026-06-04 07:35:46.791568,64.62742803199875,5.177978806165913,59.94124631591414,298.6660974931769,162.87817144249382,0.5722859923527667,0
2026-06-04 08:35:46.791568,63.94542808629959,5.141810829429931,66.12696064920347,292.6958614166675,118.51445386177551,0.5774169262308726,0
2026-06-04 09:35:46.791568,69.11723501269856,5.171353693751325,53.46662248628596,288.7214124345878,120.91097723805345,0.5825796902324274,0
2026-06-04 10:35:46.791568,62.760165723063615,5.054145184592013,60.27402844129366,302.0628111583536,124.071434031962,0.5877740893107272,0
2026-06-04 11:35:46.791568,61.56201702666573,5.93545035757528,61.09140104919734,304.1898498258709,121.12790275837443,0.5929999319613518,0
2026-06-04 12:35:46.791568,67.14523995030684,5.132023427280001,60.104988236025335,293.3918806345355,140.21992422921412,0.5982570301162222,0
2026-06-04 13:35:46.791568,65.56881540877416,5.355110008381311,65.13364094194596,302.4815211255942,123.11024367329497,0.6035451990420461,0
2026-06-04 14:35:46.791568,64.84028580072902,5.370012780269928,62.84905749494491,293.59887229123945,123.98895445115946,0.6088642572429117,0
2026-06-04 15:35:46.791568,68.61139081753633,5.657292222635359,65.83987906134776,301.9661492544837,128.33785424638245,0.6142140263668211,0
2026-06-04 16:35:46.791568,67.99628895263673,5.385063822305136,61.588684995507066,303.38246728221503,129.5667956680474,0.6195943311159589,0
2026-06-04 17:35:46.791568,66.69660724413275,5.461125999527099,65.37792848744338,310.0380695417782,130.45376971402067,0.625004999160502,0
2026-06-04 18:35:46.791568,65.58228438863502,5.55627784830502,67.80128009855608,314.85403426483924,127.15311878416652,0.6304458610558041,0
2026-06-04 19:35:46.791568,70.20797259878707,5.564888814586408,67.16339097181432,307.22006920981636,129.89228057478277,0.6359167501627729,0
2026-06-04 20:35:46.791568,70.08564555813602,5.895902659082417,60.28574983976513,320.3966500424025,151.45739881403597,0.6414175025712927,0
2026-06-04 21:35:46.791568,68.91108171558139,5.558532416600274,63.13663428075407,312.6707496678519,133.00319551617088,0.6469479570265425,0
2026-06-04 22:35:46.791568,73.1288871812331,5.711407777204821,63.19926992160719,319.40494591438244,131.82912573063774,0.6525079548580666,0
2026-06-04 23:35:46.791568,67.62359747644321,5.857325873902083,66.04123265338214,317.98607843962236,135.95513046143105,0.6580973399114746,0
2026-06-05 00:35:46.791568,67.04282917270133,5.979086803652312,66.97282818059777,320.77638483618654,134.6764175937182,0.6637159584826378,0
2026-06-05 01:35:46.791568,69.04211921798,5.829460759083071,62.738971503794914,326.89963148656125,140.768144955096,0.6693636592542715,0
2026-06-05 02:35:46.791568,70.66874719707401,5.638563127470907,65.80262081773544,327.7445947522837,141.34733863944723,0.6750402932347932,0
2026-06-05 03:35:46.791568,71.5824947576087,5.943735820734517,59.88434307461024,338.62152701196084,140.54988045558704,0.6807457136993469,0
2026-06-05 04:35:46.791568,70.95113789343085,6.209220365702241,70.61653433930476,329.40797431205624,143.1531708747919,0.6864797761329071,0
2026-06-05 05:35:46.791568,72.47739727132284,6.089099057683164,65.10169582006598,335.45392415004,141.65562695356437,0.6922423381753557,0
2026-06-05 06:35:46.791568,69.61175124873368,6.122777663541118,67.1560651652008,369.6228515894025,182.3043122293219,0.6980332595684557,0
2026-06-05 07:35:46.791568,75.34575493590994,5.968594496593656,66.41070530252688,339.73790441053774,146.6873969904841,0.7038524021046313,1
2026-06-05 08:35:46.791568,72.6391559059018,5.994115844175641,71.13043537098581,342.7592024534507,145.33392698330934,0.7096996295774773,1
2026-06-05 09:35:46.791568,80.20419077040306,6.212778410559316,59.5340395264198,340.16522562120355,145.44883912641848,0.7155748077339318,1
2026-06-05 10:35:46.791568,74.18482445295258,6.037406129403547,68.35243302307829,332.99874786993087,143.67153888697047,0.7214778042280248,1
2026-06-05 11:35:46.791568,74.76353308815851,6.410042373856457,68.4420030521936,346.9408452492383,148.04134577802583,0.7274084885761516,1
2026-06-05 12:35:46.791568,79.47906581865765,6.207499501800302,67.75722667891185,352.8963904874925,200.24818119251918,0.7333667321138002,1
2026-06-05 13:35:46.791568,75.45206484870788,6.372638642085916,74.65696448992145,341.63202857927786,152.36822436633247,0.7393524079536695,1
2026-06-05 14:35:46.791568,76.19803152157665,6.135494471137751,67.17790931690347,345.7277702328702,152.62815441101208,0.745365390945133,1
2026-06-05 15:35:46.791568,77.92856125502063,6.401492078797334,72.51835431053901,358.20693219294145,151.68445776072105,0.7514055576349765,1
2026-06-05 16:35:46.791568,76.02268574986935,6.325065810284667,71.63623897016257,357.1242371107183,149.96618624568598,0.7574727862293744,1
2026-06-05 17:35:46.791568,77.40874029074466,6.197212765936807,74.71799149908297,355.13864377646985,154.08729154982873,0.7635669565570432,1
2026-06-05 18:35:46.791568,76.17403805123993,6.669521812381355,69.2992495848976,352.3196347997912,155.63202076426302,0.7696879500335312,1
2026-06-05 19:35:46.791568,79.59819300670208,6.877335777321375,69.47071492213381,356.8178198185272,156.78291549467454,0.775835649626603,1
2026-06-05 20:35:46.791568,75.73128077459488,6.8436754633219685,75.32804959944859,367.2985458362016,159.81900128026248,0.7820099398226665,1
2026-06-05 21:35:46.791568,81.05369593193018,6.819776002758569,73.68742740245283,367.8925510112529,163.73138707492976,0.788210706594211,1
2026-06-05 22:35:46.791568,81.14228308365722,6.698846769960715,68.14967231601143,360.94039936543464,161.1902475036428,0.7944378373682137,1
2026-06-05 23:35:46.791568,75.33063387148648,6.925464782999271,71.54097947262564,373.01798174625856,161.69786841082765,0.8006912209954766,1
2026-06-06 00:35:46.791568,82.92784204677614,7.031948486225963,74.69383398886099,366.80452471794024,162.80599844095647,0.8069707477208665,1
2026-06-06 01:35:46.791568,77.5768444737979,6.912855199360233,76.42514368984169,440.1621802671553,164.77126827315377,0.8132763091544124,1
2026-06-06 02:35:46.791568,80.99597803642905,6.75881069478902,77.77571919653445,382.9877950596658,164.0688941455184,0.8196077982432379,1
2026-06-06 03:35:46.791568,78.38674078518926,6.905860475072643,65.927502371113,372.54415172883733,167.1737678739082,0.8259651092442952,1
2026-06-06 04:35:46.791568,79.1784597115195,7.280645831630537,76.62117880081892,418.1676272512911,202.24951304718243,0.8323481376978679,1
2026-06-06 05:35:46.791568,76.67210837486431,7.058672056128256,71.77312873211996,366.39849455388526,169.78316040349574,0.838756780401825,1
2026-06-06 06:35:46.791568,79.92845130046085,6.615980985154724,77.58953873474216,378.02163944841516,171.50136159146075,0.8451909353865852,1
2026-06-06 07:35:46.791568,76.36867567323861,6.939334087593014,67.70627393985988,378.16444886855413,172.68109057794473,0.8516505018907772,1
2026-06-06 08:35:46.791568,86.2031768013814,7.141150440146406,84.08143829478772,388.68342731977623,169.50192889964484,0.8581353803375671,1
2026-06-06 09:35:46.791568,83.50843515553551,7.4055028252953825,77.36354566499331,390.07167737541846,175.55638005600002,0.8646454723116275,1
2026-06-06 10:35:46.791568,83.94697829268003,8.237537497148743,76.68990679733828,385.0697702811908,174.18229961065478,0.8711806805367353,1
2026-06-06 11:35:46.791568,83.61550352308012,7.499412008422273,81.9244298172956,394.04225063624557,174.5790943562447,0.8777409088539612,1
2026-06-06 12:35:46.791568,81.22127039285137,7.308128437979229,80.06110250537797,397.3090417068815,175.8130481623749,0.884326062200447,1
2026-06-06 13:35:46.791568,83.45184369102891,7.138377806875732,83.39108407908098,403.94004306659406,180.14493207280532,0.8909360465887382,1
2026-06-06 14:35:46.791568,83.93350010927256,7.405419091255989,74.75830967455562,396.3150043810924,180.09329627201515,0.8975707690866572,1
2026-06-06 15:35:46.791568,82.01879529524095,7.577188610857207,79.22846593391289,409.48004718479893,178.4397886135936,0.9042301377977076,1
2026-06-06 16:35:46.791568,87.73850713480755,7.611194362169022,74.87884194862261,430.3310533169878,184.0297473803597,0.9109140618419744,1
2026-06-06 17:35:46.791568,86.88397303895769,7.4302512954826785,79.43895492548562,415.18187357866526,181.4690494925313,0.9176224513375209,1
2026-06-06 18:35:46.791568,85.08619583159016,7.612613727517226,79.78062286186488,411.75945377401433,185.90713401966488,0.9243552173822551,1
2026-06-06 19:35:46.791568,85.98209512890026,8.114929405412564,82.80692161315706,412.1855410087159,213.6443236524142,0.9311122720362535,1
2026-06-06 20:35:46.791568,86.74659767397638,7.574331837071435,81.4656175668144,413.6988673579561,189.97092454125135,0.9378935283045329,1
2026-06-06 21:35:46.791568,82.64916607990287,7.905682715393884,83.60222071721837,415.02065390120373,193.05616059578043,0.9446989001202459,1
2026-06-06 22:35:46.791568,86.6423658093182,7.539482432025251,84.24661449560757,411.810590385801,188.06102479057478,0.9515283023282941,1
2026-06-06 23:35:46.791568,86.17810371455947,8.031119064818357,94.18880831525983,424.1069384244704,191.98756591504883,0.9583816506693417,1
2026-06-07 00:35:46.791568,85.94543661819888,7.815424305787928,82.00263121316155,422.99056154552864,208.4707453081749,0.9652588617642226,1
2026-06-07 01:35:46.791568,87.79431921734736,8.057464896879017,80.53337209904319,433.4071266649691,195.5778714606791,0.9721598530987219,1
2026-06-07 02:35:46.791568,92.3609607407416,7.851456490713144,91.18033337241876,422.34680696452443,196.45740071352455,0.9790845430087227,1
2026-06-07 03:35:46.791568,90.45755202887266,8.13700146764085,81.76901627347947,431.2556482164377,196.6411491410117,0.9860328506657103,1
2026-06-07 04:35:46.791568,96.9464515518597,8.005418184866908,89.03322277527974,425.04288760087746,197.78908787467535,0.993004696062616,1
2026-06-07 05:35:46.791568,96.85563514696048,8.082954075814037,84.1503458831643,434.97854718252876,197.76709828963192,1.0,1
